design_id,K,n,t_up,t_down,alpha,delay_kd,dynamic_range,t10_90,t50,overshoot
D0000,0.5826647906631397,3.167268561280534,11.385080797084196,0.42136510379762454,0.03390978834094606,4.772479566895769,0.7068421960392601,46.10534108354335,36.509177519185734,0.6683697850124332
D0001,0.4236314297185243,0.8132512893547603,12.329255999051487,1.1273216987773016,0.038405376989572665,4.208059772915663,0.6009262510284143,48.2359996331509,27.62503351956644,0.5798846781573522
D0002,0.08695510210989435,2.015971970813408,11.448546338114031,0.5651090536921785,0.04338161870452,1.247419504769032,0.943211263424396,43.129892002496305,18.58549564622609,0.9240224275010713
D0003,0.5504843744156657,2.1804780368242622,6.038844960488945,0.9242106886864119,0.05330340821757559,3.0379587448242327,0.7586895846722644,40.13664468309821,23.018144287820917,0.7449440151135408
D0004,0.5017894419101585,3.546756812504939,3.9663395125117846,0.7507770032668312,0.0530468484725191,1.2486804388340966,0.8936616868408729,38.40566161196566,18.747340819871,0.8803352144812381
D0005,0.17609630817698968,2.3250338417899883,10.542441812458222,0.7056637248164965,0.04402558860631087,0.9690400252660364,0.9307045709284122,42.998701623996354,19.942106497906202,0.910307189202807
D0006,0.5031069735749777,1.6913665125795712,4.3827790205396795,1.1016200410771328,0.04643293339825976,2.6870775803368776,0.7274268520608281,42.05607049645604,21.509363994784014,0.7129315478171632
D0007,0.4989391014909331,2.1253254052332697,4.865008850048514,0.7562444758923228,0.0483091331280812,3.912624022541394,0.7802526021091791,41.29382493885011,23.128345098440892,0.7651502351607169
D0008,0.3842071050491703,3.3693254247534172,12.664667553665563,1.0200323685238453,0.04024033815592114,1.8880228155999483,0.8705477208338318,44.355920020368224,28.030121292322715,0.8393767775728339
D0009,0.37042321638112796,2.6123781888025013,5.205802807719742,0.7122143834635832,0.04168738744169658,0.7570753781231921,0.8735507999609805,43.75521005216355,20.67366252924123,0.8524566558947905
D0010,0.3001066533942508,1.9100110328167907,12.83260136146451,0.21941133900368193,0.052213739720365734,4.610357842794464,0.8643558337508919,42.29629915014551,25.98774601387805,0.844670396002126
D0011,0.41476667427784986,1.3228818315632567,11.197743867147214,0.32384414346842116,0.039143768269854745,3.5822981200960196,0.6865178005919008,47.271291501290705,28.193764610019198,0.6618871748800825
D0012,0.30416508672212295,2.0784897181668924,6.560202428411089,0.20254942298038267,0.040006514896510637,4.263145158022725,0.8577914089687657,44.88462847536524,24.870945467738082,0.8351050330805838
D0013,0.5607200570023261,1.0297807328015096,8.933600313685972,0.5114903761058733,0.040827615210573535,4.948551507170899,0.5927259738208794,46.534276200846676,27.743165318825913,0.5744274637063556
D0014,0.5474611993441463,2.2056333439039206,8.501339466699903,1.0611317089571104,0.04031557732881509,4.073081771478622,0.7182000895158284,45.5293227471435,29.59516155503932,0.6929820883193455
D0015,0.49698443188124874,2.841610883116246,8.008877378359259,0.8350556539633888,0.05025196901486318,2.006695138605256,0.8366614781609742,41.51264538231324,24.466077924209063,0.8170987981548308
D0016,0.5182734383384189,2.1366812270041744,8.756264393270381,0.6198491097646268,0.04030986304044394,3.947072112103925,0.7298071396998367,45.6135930413204,29.235239498044223,0.7044204782616954
D0017,0.2830236650617193,1.3065056469403884,11.163863256013649,0.5562857888043329,0.04470150063228635,4.9249442046748255,0.7840098995182907,45.02649691623131,26.391216295196454,0.7630220577845256
D0018,0.4450692511503508,2.253715786562794,6.376298613557042,0.858192321801366,0.0528988733426196,3.760278753011136,0.8317877429043046,39.99347596015266,23.031470010457344,0.8172424945056942
D0019,0.5225350267260731,1.6843804028713774,6.656615007254667,0.5152189363761165,0.04254432597533024,4.546383853651589,0.6984812300880956,44.586543562656225,26.68936898124255,0.6794043044581315
D0020,0.3302096893224534,1.293015698175589,8.745112939530781,0.41964050376023254,0.04592190509641193,2.1893662445377897,0.762880862695254,43.98551839612194,22.644091553144957,0.7447421362670947
D0021,0.6376166163211878,2.0121609161105214,9.215705089221014,0.7367686147918692,0.04114732608828903,4.9063139306901435,0.6429461585017399,45.84016354658182,31.602965734542728,0.618712670389389
D0022,0.06198947535778856,2.859061803652976,6.1914854007782765,0.22558022613971582,0.03611032960077103,3.9413473936480563,0.9233762599099726,46.63317061557041,21.83997135353309,0.8996037414482041
D0023,0.6104835311138742,2.9466570721786223,6.385801186715763,0.650806688254925,0.03479730394452655,2.5334796177261896,0.7159243739252279,46.25688963288736,28.807588333026754,0.6877668126963916
D0024,0.19810619479084215,0.8932779952174317,6.446608954904466,1.0722622226012182,0.043660345853900835,1.913877281162896,0.7675615345352121,43.89370877790595,20.06995005093896,0.7511900614970132
D0025,0.1069510744483618,3.2846377176638946,4.549385733087684,0.20359469589723891,0.03466056982798449,3.948666028294889,0.9142860695539251,47.28307216507959,22.50789774581227,0.889028712788968
D0026,0.6265664516892461,1.0701589822556918,9.739591681777735,0.8025350520439434,0.04356626046577103,0.7663853598914794,0.5757076271003619,46.094929757823,23.857303801465044,0.5582307593235996
D0027,0.47338335881176663,1.9934665617224154,12.531256178365757,1.139342586720589,0.04593632243734602,1.2429828277667516,0.7459662233492341,45.190431355156925,27.33172654850027,0.7197630240812503
D0028,0.23583820185829257,2.5445944254547386,11.956881492506044,0.5772817224945774,0.040010071103907974,3.3282083413635286,0.9004271106284281,44.82661721071346,25.343178885841173,0.8744923352861986
D0029,0.576529615954082,1.3446480090081394,9.336095344932215,0.7674175192989383,0.04246580654185073,2.2802505008988705,0.6224315494453343,46.037869391084286,26.24892974661296,0.6024782641727184
D0030,0.6355477995265126,3.05988329495107,5.156661540261233,0.1670053183251199,0.03779952720465834,2.547043086645693,0.727328190361348,45.12955150168807,26.705026576116758,0.7033931077359717
D0031,0.13747080207919365,1.7386253619095575,10.145750134157923,0.8877360446869496,0.0498451787119311,4.21033499070504,0.9348182219400077,40.791291233135595,21.17349516633564,0.9191373032641552
D0032,0.23924992553974633,2.276925384693478,10.690605518056449,0.7637605255735896,0.04471699543796702,4.2021693200912855,0.9085663256312978,43.1963433440755,24.622302946080808,0.8870474419028451
D0033,0.6336188140736925,3.2841423941438794,6.247041359073696,0.28322107713931893,0.03845160386720561,4.154363348283386,0.7396733107966214,44.885150735256246,29.745546064410654,0.7136695878326024
D0034,0.23510080812648923,2.858566517838831,9.307993380968496,1.1354002710303914,0.03480701264331212,4.270746939818926,0.8876372468635144,46.595782258620524,26.421585297052694,0.8588839514716884
D0035,0.06410995796217413,2.571603499303019,8.790910309110636,0.4051277533085801,0.03789893994431654,2.3950518130064853,0.9308858628169737,45.646538792510384,20.10490559565585,0.9083493997368872
D0036,0.341398483652114,1.2414641305118972,7.8657999850648865,0.2525011500098079,0.04298433048348451,3.044091406889428,0.74185199195823,44.82278528710557,23.750042348324126,0.7229536147208796
D0037,0.28028110362347824,2.167352297344948,9.085747555578207,0.6750493935652544,0.03613054799739462,1.684312487444835,0.8497921142828841,46.58893365511955,24.56892263527895,0.8217962627555657
D0038,0.20310530920579328,3.565315265086431,8.445823110858353,0.8564835975631577,0.03661075973012794,2.9608878187902827,0.9152530324362906,45.69161885353121,23.211044199882195,0.8894924703332705
D0039,0.31197826231988046,1.3649554158894217,5.764951565360756,0.4010277653639047,0.04813018953805888,3.912413715107313,0.797441871818824,41.719881800174335,21.868137996988054,0.7827832684070171
D0040,0.5842703350023993,1.735322477646458,8.60929916522607,0.875223358413196,0.044312068790964325,4.407085238223524,0.6650150965287525,44.9136489407248,28.546884924608662,0.644655248868337
D0041,0.048508265645323866,2.728024197942532,4.925874558092074,0.6698470893205755,0.04068868764775421,2.672244429569253,0.9453119939824094,44.36251310655012,18.869517369828987,0.9257300281145439
D0042,0.521165343167668,1.056101578009068,4.1459823993242395,1.0814592312475442,0.04270409325701726,2.496988216785772,0.6291431662820308,43.81815890497202,21.213682832010495,0.6152391245132642
D0043,0.13121188728308292,2.194897719152862,10.009542776563267,1.0390835936000862,0.04064860825031732,1.2994374672913578,0.9272678849467955,44.40288489043259,20.037192135343183,0.9053360735854304
D0044,0.5143310024802696,1.6471416911134087,10.466881875943384,0.9479718058058149,0.052957820823249194,1.476134434306934,0.7097604591093235,43.20082587355037,24.32795906719932,0.6917928215237223
D0045,0.2012334644709148,1.8767779851756734,11.454385088020171,0.591361025243528,0.041593993795590464,4.314719614618095,0.8876370609337602,44.82061264022203,25.21626175862501,0.8640389511140889
D0046,0.11048742848649834,1.1063391759431085,4.548306090373824,0.6638439673259133,0.036778736757009996,2.276351370552076,0.8499623017164094,46.469520937360016,20.890395831022694,0.8277746727396258
D0047,0.34738431105108414,2.267380276418372,7.401920619878714,0.30106837872544184,0.049834395450875923,4.429976403916994,0.8796991741035061,41.091193341068916,23.808435738603748,0.8627637375616405
D0048,0.39251955847129527,1.602055551999194,13.17511987965506,0.2827324817862102,0.05120290405910971,3.4161694126160658,0.7657578241373866,44.14458563828709,26.658100537099166,0.7445103981734987
D0049,0.19880536712099214,2.437809378187029,8.930147660278323,0.17582006447721926,0.042258860825795386,4.0441361537,0.9237334447602092,43.64668169260291,23.290043532186196,0.9022945542903543
D0050,0.43734146269777596,1.164329440177923,5.689980156720299,0.8446324179181873,0.03283625833253215,3.6858876207265685,0.6426514191548556,48.264627978879744,26.486802203076994,0.6200854375686309
D0051,0.3730788249661623,1.8674793242456285,7.672979894105902,0.6331870968356298,0.03439103285990536,4.690911807159092,0.7683204142621738,47.41137480067377,28.66706003456924,0.7405926937196391
D0052,0.30144685704042773,2.636674681812779,4.668673054469464,1.0240637415223208,0.04722476153733441,1.8295899443727548,0.9215033612396029,41.077530416521284,19.080033330633007,0.9051318952565962
D0053,0.6071939893234646,3.230141801051575,8.06988144975959,0.4381170953594843,0.05000047929497815,0.769113627514728,0.7858980380471241,41.87339189736041,25.56249418032159,0.7643819204416702
D0054,0.6376744689783567,3.4644251328203284,4.453626891170954,1.086427322424265,0.03834912812533028,4.203443273931135,0.7565046769019144,44.715667686332225,27.420716695059088,0.7331764920641622
D0055,0.5825423106086675,1.2979212554076427,6.929857851052278,1.1000352946458998,0.04911135000688637,3.7342151152623866,0.6380785856718405,42.647665703944334,24.080307063367272,0.624428913124641
D0056,0.18324391485239663,2.82803537401701,4.0540498497478055,0.4239236740832849,0.03761017902207991,0.9929483267896764,0.9214962349909278,45.68153575206289,19.22475595553724,0.8984835227029582
D0057,0.33179558138711074,0.8979966623752722,13.033477981930684,0.6421168484453339,0.04886501603468195,3.0001469795184024,0.685772933886812,44.967082297719465,23.77272064738355,0.6684526107071249
D0058,0.11278689228942175,2.0526815676951276,3.751833172737957,0.45888196702498407,0.045906133928506454,1.5158220221635639,0.9506571217271572,41.64329566961353,16.8557070184959,0.9347432018139097
D0059,0.6157334955863402,2.558354657275748,3.921896107280267,0.5851132831232312,0.05151191954482481,1.8384971827424919,0.7496538502729796,39.56367153072411,20.416395757189157,0.7370939984104263
D0060,0.11048390622559984,1.569362777537828,8.284822947589795,0.5505606699663472,0.037483537932446964,2.7276602301121704,0.8962135368792006,46.17065066048379,21.974698157559693,0.8724059786162686
D0061,0.34167885562269773,2.734749080362338,13.157863559292222,0.7849394722964962,0.03393546492857824,1.3930355180513052,0.8235067368287393,46.829097745297034,28.563721305313486,0.7881450548633917
D0062,0.22480769749878576,3.4028827758220173,4.288799936597742,0.8013220467439591,0.04095753287102484,1.79307135797919,0.9372093181095432,43.89728446997032,19.381131504703163,0.9166815915583905
D0063,0.44155488700316814,2.895982590096164,11.000778098205055,0.3776782363042336,0.036384317871544836,1.5620122648972408,0.8044396761658772,46.01390164849629,28.996684686688273,0.7709601156472803
D0064,0.17577130668009447,1.4010856449173028,8.64651180096963,0.4749162874275565,0.04556651842903505,4.879178403861241,0.8750133806110154,43.12616106378631,23.317580049627974,0.8568083781694052
D0065,0.5364075344701892,1.0540230630380918,12.657288073931309,0.544446249868727,0.03605746589052931,1.7906996902335315,0.5743431263755654,48.915913579513685,27.999011651746045,0.5500705100682768
D0066,0.07005522306318426,1.5857650684089306,8.13875693900241,0.26936168822810214,0.053032646685241706,2.5636209643037478,0.9612279180253044,38.526030862869945,16.902107890122725,0.9491272409897422
D0067,0.3755146624554484,1.6823346191653568,12.275548256238636,1.0017417245236677,0.04262552837357296,0.7543338825304684,0.7657982385403252,45.955625909205764,25.28917631563916,0.7400885895227133
D0068,0.452103610107109,1.7310838246311353,4.998481959949394,0.6188791214044183,0.04792385433211846,3.5586552225459003,0.7647538927785776,41.604125223505115,22.335291120068554,0.7500964097731865
D0069,0.09697405178507053,3.3277434685427245,8.253778809075229,1.0513493382201817,0.04127152141847303,4.605216346656645,0.945076201918546,43.80366636459192,21.608755666895263,0.925128023424191
D0070,0.5688841646149745,0.9086063635017005,12.109198439356046,0.8305356131442478,0.044746413662291484,0.7612644878186451,0.576705419959771,46.606457348428414,23.688202971933805,0.5588895342384916
D0071,0.4351065950669719,2.5798442404907114,11.900499327474689,0.5497099791353361,0.03359891575054892,3.880119508196792,0.7648596250266742,47.07939904333156,32.55434456816379,0.7289406466743793
D0072,0.26754842276585833,1.7112415541877462,10.06775364067217,0.20532202273503966,0.032921261209961,4.893595868058842,0.7948682354216966,48.236022017488224,29.179339847617214,0.7644515397139333
D0073,0.5864740729551897,3.0148698366373594,8.268149486602319,0.5454741320025666,0.036205896111433204,0.8867443969569144,0.7332456639768534,45.87680428983567,28.679921164254733,0.7024611116818115
D0074,0.5384042208538502,1.50822453313803,10.802706521653608,0.2240967871509012,0.037515230147637156,2.5721101724907918,0.634268616036362,47.59798539582612,29.15892185752898,0.6083701469887713
D0075,0.27348224831272766,1.3770869672702424,11.057434315356662,0.23534320995252606,0.0453960837631528,3.141515612179924,0.803487226323545,44.59960254385469,24.316767020292644,0.7827783746553122
D0076,0.36544701733723894,1.307060744304216,9.850667866230838,0.8667620129731062,0.044438639313500714,3.219238918538631,0.7364027048976407,45.07098324467627,25.090747621401306,0.7163182076299643
D0077,0.3801975254077561,2.004462930032136,9.162945787819979,0.6697893589982844,0.03839335292367751,4.349316141005408,0.7932179175820904,46.15577437203723,28.357584729974732,0.7665336120832782
D0078,0.2512937353002198,1.0827684413748693,9.628824721100887,1.0021789947817648,0.03467166255793466,0.8724891131215495,0.7296862269539384,48.28503930104402,23.798848395666468,0.7041735666252278
D0079,0.23708215172155944,1.556226810271811,5.15429396038774,0.43745032793867633,0.04137474615218754,1.6938220500002403,0.8506318573787748,44.26880888635096,20.32720179663968,0.8311233848493064
D0080,0.3714738860502208,1.933618488441381,7.430401401050266,0.2740903912606968,0.04849200712494227,3.385230464409067,0.8321284839889235,42.06944125553662,23.393241570409064,0.8146897775015001
D0081,0.3870055652604313,1.6664416331930836,13.158023889681614,0.8810853313566402,0.05013524126455612,3.124716470523345,0.775100751465771,44.28046958342458,26.615347739377636,0.7530340677658842
D0082,0.426321105662828,2.7141048348821983,6.355221930619342,0.41530184944777726,0.04874480775989384,2.0895297452847217,0.8708068212083224,41.160389289918626,22.052953211227308,0.8532275913164789
D0083,0.05240523517022354,2.0799418428233314,11.863024512452036,0.57894134104991,0.04435652129604838,4.5806157065487,0.9537835579591947,42.48004384786935,20.720195025711718,0.9362025276291656
D0084,0.1304944742297048,1.3148293757841794,3.850302680877731,0.5132206155546428,0.03502410573135717,3.18664302104774,0.8561586631381389,47.207338347344894,22.22839902490152,0.832252308120811
D0085,0.24571209730417184,1.0541766583970154,10.58919515343528,0.9045647084845381,0.051784593519445705,2.258603329510114,0.7813419150527271,42.364817933395656,20.960526650210067,0.7661854971677344
D0086,0.37942399002681193,2.56950136430852,12.001358343408357,1.088139276918743,0.0394406673737812,1.669158901895429,0.8316854527397209,45.52473165514283,27.510726733574312,0.8012475934765446
D0087,0.20974914686404408,1.5298154156290178,11.038648585079276,0.7732781690022315,0.03482528124534557,3.410432217652952,0.8185575425723829,47.79925442404219,26.474740923153213,0.7899916832634504
D0088,0.45402311174903465,2.1669543325677583,10.673834602925504,0.23573382811626625,0.04707335669416248,0.9931462305551177,0.7887086446559108,43.98936382008795,25.32507213277055,0.7651933789661168
D0089,0.5767640329591368,2.2806085293738003,11.67977069392451,0.308783963618813,0.036550273979826776,4.2998073426399746,0.6671441276318082,46.862371751154804,34.24555879173588,0.6344126494498777
D0090,0.09147658746390502,1.693079671013833,11.103537772000363,1.0006144142125353,0.03525925943317459,1.0263519932707459,0.8954895024338172,47.157611240006254,21.129397731676907,0.8691504918723121
D0091,0.43302508096066616,1.4119017784008334,6.4857335940215615,0.2183157308779094,0.03986483345891188,4.2046031928374505,0.7080868695244706,45.58688585679725,25.81007250865578,0.6880941828255506
D0092,0.3998814052277243,0.8882496278750104,4.388362415784896,1.0359157367049083,0.04583525622529793,1.4981169012275901,0.6629501655295778,42.45774049359741,18.92484858057948,0.6504371574353045
D0093,0.42660287844095846,3.005363229500433,11.52464862117389,0.798000238236695,0.03528599304214727,4.360171210421722,0.8093897495738209,46.172867003768516,32.17560422688506,0.7744533037106736
D0094,0.4603778674100929,3.082017050084356,8.184857094501254,1.0136988199898516,0.04950545700058275,2.1545953613698403,0.8714189982432777,41.381208676869775,24.305840081193885,0.8512827876019761
D0095,0.13213428506358443,2.5197059335667467,5.636731732451009,0.5025655355075247,0.037135304152328553,2.413232458796611,0.9208883074193824,45.956776760197975,20.83428669826442,0.8973484188732355
D0096,0.2582966988296129,2.740560222928295,9.45215110251251,0.3327901975268283,0.04628913049219082,3.951739584702737,0.9287971876786874,41.97542731946696,23.540819971034615,0.9090491842646283
D0097,0.32134350171851755,0.9019068779494154,11.221382111334922,0.870756321698156,0.03362057432015944,1.9241095768819985,0.6455052542618829,49.21739074944562,26.10374847449608,0.6204701230180731
D0098,0.5165067969668683,2.5564383419595282,5.048913470768425,0.4992814208333505,0.03320102402595553,4.542099102529464,0.7479419171346111,47.14253152982729,28.47846383746281,0.720814967916109
D0099,0.5310253011945497,1.4919634338207262,7.653026514950863,0.8927929425030283,0.04366049993638988,1.1733113077773976,0.671904766267583,44.760420748868654,23.603636802702482,0.6533276833245969
D0100,0.5300996004936686,2.7802996385355954,3.871439397298316,1.0033538450954995,0.04249620761871195,3.2315572636419416,0.8038159274729508,43.23270339564185,23.258422221427917,0.7848581692593071
D0101,0.46491387488331437,3.2575334815540167,8.41400600661703,0.4118187616225233,0.0409568026925139,4.461389441631008,0.8483153550846915,44.18551263988725,28.943862743779892,0.8212818231163204
D0102,0.43499302780581917,2.313566923891825,8.904584532565618,0.6432759031903335,0.05230682035912869,4.785657073339423,0.8346796231625397,41.380577636064075,26.328565640398242,0.8166072511195448
D0103,0.2509554496319224,0.8185634115630281,5.2093492308849765,0.4131935171929142,0.04110835185423643,3.627583703590008,0.7110822594741519,44.78962523875288,22.122683293472843,0.6946745996384189
D0104,0.4568106427640859,2.1248946287770876,12.466877604284692,0.26978520368011416,0.04111113499063673,4.1888946387478825,0.7522782313809393,46.04357103739922,31.287363441150475,0.7225548733554203
D0105,0.4655791305197009,2.306987382078775,10.263077133667249,0.1732168724946056,0.047515178178637076,2.9361976631295605,0.7972462800109661,43.613683999300534,27.181331599430788,0.7740362433338001
D0106,0.5722846260900468,1.2932373708899405,7.463008421028054,1.115921479354392,0.038991696647731694,3.6568401320660593,0.614951921948851,46.45173330318974,26.914008659574595,0.5953130779212463
D0107,0.6172290196182865,2.2979162415214214,8.555603821951774,0.6720945166587943,0.037685139801189364,2.931822160809804,0.6675572180782049,46.23436141768001,30.216065622818338,0.6405175740354929
D0108,0.4892939426910181,2.179311481218172,6.752183057086773,0.5524126437433668,0.034231317296925176,0.7666611376149015,0.7320299732112281,47.100301271469995,25.61131193272313,0.7046239575040003
D0109,0.6238948301178651,1.8489518667529399,10.555998277280406,0.8170168919711805,0.038114514748211814,2.0490566203774785,0.6192117918246121,47.049081796426655,30.16495901890871,0.5922002751076924
D0110,0.4456459457879136,2.1742010074886693,9.891995205243862,0.7289164327355461,0.04237133105476336,3.434231022087656,0.782726219533053,45.06432004502458,28.118209678531873,0.7571643913015376
D0111,0.3207621591624109,0.9742829733090329,8.703101479394903,1.0912229121783485,0.04821160241414463,1.8841237337093037,0.7168179039885683,43.28461638621418,21.067730000339672,0.7017178534494164
D0112,0.35574147881388973,1.0879060958184912,10.096245816821682,0.5345288799585702,0.04485828617756993,4.881272975525439,0.7067209808460524,45.16376110233331,26.172389984993906,0.6880447128897946
D0113,0.4206563237631955,3.015532455190397,3.721679434201021,0.47619084380018717,0.044742410278839226,1.5529068793877758,0.8872928588634711,42.104034249606144,19.830796021777363,0.8693889321940862
D0114,0.3816391678636779,1.7490065991242552,8.132754208921394,0.24904113819881907,0.047664757476928506,1.84455703442454,0.8010487809615001,42.89887302294844,22.59362376485535,0.7827983841514168
D0115,0.24396937962576185,1.2532784531687606,6.05718156759682,0.30946076880396234,0.0535657279158268,4.190219604305403,0.8309247883691747,39.358998365047405,20.47326687925295,0.8191428398738929
D0116,0.5111698330315544,1.041980130895622,6.078345072573849,1.0630081189311757,0.05147312110203735,1.5049860203378798,0.6449733110799035,41.067945328514185,19.58891632065449,0.6339160337950591
D0117,0.4101771816993395,2.6596390070236335,7.625603561484807,0.48881905098568795,0.03773933831271982,3.770796553527743,0.8313561816815542,45.606692307873615,27.40331971493318,0.804188600326092
D0118,0.24046192737317557,2.796572083179487,3.9039921846263432,0.6877894621721403,0.05123658658273216,1.2858377301821167,0.9542683185202414,38.957118845969134,16.43468101948775,0.941089512756785
D0119,0.03678255164898859,2.812968893175656,5.484849931085116,0.716762165716427,0.03240475034923195,2.8522012542735755,0.9017246259379358,48.60399725628712,21.731501058336864,0.8747885007798859
D0120,0.2966590503541686,0.854622791361245,6.4591588357167975,0.6093555946583293,0.0433493963150533,2.1082745886214713,0.6982460628852595,44.25534706332972,20.924276177353057,0.6826217813658684
D0121,0.4500346389262715,2.873726126744584,4.69365086539608,1.0570562345259245,0.03994104363144619,3.3194970062340263,0.8448553283524602,44.37763674150021,24.17523597928797,0.8225002797753347
D0122,0.6168992595797469,2.7040776798336656,7.727623256262885,0.9037479323595397,0.03928352917714718,0.8705706181520059,0.7093192196319077,45.272371622889416,27.380304983535968,0.6829673179154407
D0123,0.461886699776234,1.8815232421763104,11.756863326213788,0.19551541600646527,0.047690809001898316,2.6576631495635388,0.7512081059412588,44.614111255001326,27.395337785092085,0.7277146917647792
D0124,0.0572006383892537,1.9207033581276383,11.358413629982355,1.0311301076067143,0.045925008375307205,3.7674757344068737,0.9560218179740055,41.78903424953279,19.672336607229756,0.9394209011081373
D0125,0.5953951714011853,3.3946772875777587,8.561293659323223,0.1987231419249531,0.04632510326004591,0.9538187179440754,0.791682256337481,42.879686753214884,27.021901110452024,0.7664953526145077
D0126,0.07622657965211968,2.1943582334723475,9.463914883671835,0.25888527030738584,0.04614804828642764,3.898562577424046,0.957348302591959,41.56979607556154,19.77441642459216,0.9409293890881996
D0127,0.6195810202737686,2.045358033433132,12.856691701994235,0.3669411183420038,0.04450999888386958,1.750157442640532,0.6456940766837891,46.005082354472464,30.796277166893795,0.617548135472203
D0128,0.2656987910469748,1.5004900289405576,13.073394469724432,1.0926621969468004,0.04455879451824962,1.0748402808827255,0.8171150149298725,45.19191846883101,23.366678865549463,0.793855343881094
D0129,0.1719747266101279,1.2665158437466895,6.469381700096559,0.599756164283237,0.04064018365459972,2.6528980536302122,0.8465469497356857,44.915173809417034,21.481207531918525,0.8263419186926502
D0130,0.5428976779424248,1.9822798509670456,8.618427353572002,0.6339831740637805,0.0377459282812166,3.264654380423906,0.6895181555901031,46.508257508713946,29.19200302730991,0.6634547623232578
D0131,0.14216932821967823,1.1038587755771663,9.167854128666274,0.8450221539313107,0.034526277846148624,2.874329070210341,0.8074310027669064,48.02593779954336,24.245015605884515,0.7814536358482344
D0132,0.10960266250436411,1.7452160512409651,9.910859849570873,0.8158923513277856,0.04129022588435996,4.278119513467726,0.9212508680139708,44.38355234760322,22.656094854734476,0.9000970874324637
D0133,0.5773035082805533,1.3728401655418865,12.596126266496908,0.40284891059560335,0.05192069915224998,3.2997839643635234,0.6333016912653964,45.00025552903114,27.50797058746534,0.6141635014524799
D0134,0.632018554889695,1.727770321167175,11.664826446667805,0.4988322101196411,0.04723648537040369,3.9123949863436076,0.6289737342041675,45.56107631948477,30.44873486244309,0.606274880005867
D0135,0.5581633548914032,2.5395191147165654,7.817056542718554,0.16662911942596026,0.04776437396157781,3.189731758227268,0.7670086533982573,42.784080992148574,26.760846819164055,0.7465389992924758
D0136,0.10483357425834959,2.726662974205046,7.30398604895252,0.8072731892090534,0.04196610482016935,4.139762569335971,0.9457764973935116,43.525002461459934,21.041199383152108,0.926318305546298
D0137,0.4950613197569742,3.247665374767138,12.068127574305125,0.16696501506881503,0.045419696954593455,4.922981420616665,0.8282742233310971,43.538026565962,32.46735449402521,0.7981229954067385
D0138,0.048948795002434084,2.903881616866662,6.304160439861382,0.7118223214366538,0.03397180286321746,3.510655452076356,0.9114860233271391,47.75340166686667,22.00160417404966,0.8858653291575033
D0139,0.5750986743416928,2.870453345114326,10.416555278522976,1.033487152446948,0.044419028966926045,1.6805182710595759,0.7546320598589723,44.27535201126139,29.40149274576415,0.7262049696556625
D0140,0.3690707163952993,3.067327558639584,6.641159072856908,0.5701656025600919,0.049808544448558256,0.9917100857279059,0.9184812765490362,40.30777726679754,19.98838853999771,0.901602992666546
D0141,0.06781294742614719,1.7573254922447772,11.740929130026279,0.27931265368907265,0.044047829654985195,3.611782977789598,0.9444230362689409,42.91517175680986,20.495826302816866,0.925977730921122
D0142,0.06772812582654945,3.136284177176271,11.14366398738619,0.19158396843542472,0.042275364881740315,2.527146617051116,0.9491805061208756,43.3204665972907,19.160463050517727,0.9301084145038367
D0143,0.506196169753925,0.8803227267478394,6.954847706183857,0.2146705863418153,0.043272035391087274,1.0535527298373406,0.6071899787107206,44.77201079244273,21.132061850950734,0.5924260444755582
D0144,0.5435062940077081,1.7050294177156053,3.7013362740563136,0.455698182897818,0.0437432777923116,1.6291121013841035,0.7002485996544359,43.008304701154955,20.61758744729283,0.6851060932832752
D0145,0.12205180717394419,2.942762248386919,9.080325198961406,0.1972089431865997,0.04707626618312596,1.0963823282038119,0.9603088621602269,40.92868275039797,17.294532194323473,0.9441114794397062
D0146,0.537057066055057,3.087175625289026,6.307964159786641,0.17480460053475716,0.04383130662548106,3.1280454883055056,0.8161848132272269,43.10014293542292,25.91583846042413,0.7942595944839274
D0147,0.2399947614769702,1.8862270702085802,3.925877740522326,1.0917970051213717,0.034319508147847046,2.6668907166167912,0.8503847647842352,47.296133042883845,22.731926830307607,0.8250991031862146
D0148,0.19435578371639506,2.5061467526504715,5.811350465597416,0.22015584548817851,0.04314115456380714,1.8100493226700982,0.9341227661947362,43.005885149501374,19.381258923049955,0.9149370021386863
D0149,0.449143901955663,1.607989566740843,12.19327202842837,0.7266222264940924,0.04295389930539451,2.7736478609896973,0.7118269710200396,46.25760178375348,28.138047383595186,0.6865780772313366
D0150,0.39597314288569163,2.3092136656667863,8.663922393671562,0.35135172578170515,0.048850918715239014,2.372288812512319,0.8505001159082111,42.1786228322246,23.76316335874897,0.831037263847624
D0151,0.18463597978310065,2.4876837121518687,9.72279272243035,0.5200564756023958,0.047419611261345064,1.5953061891454001,0.9444275089296162,41.31525597687612,19.512831849416948,0.9268123457978106
D0152,0.060058224094572905,1.395967537592842,10.851981015160925,0.2815181803405233,0.046184579082800506,3.1526186397271867,0.9402712510720633,42.14818054989624,19.469771544051213,0.9234428871967335
D0153,0.4026636438276956,1.7103551092717797,7.5727082682606435,0.9689835222701897,0.0407037197289273,0.9938897405977171,0.7637687149185781,45.32957153609122,23.287282413116863,0.7416522997148913
D0154,0.32669518994970015,0.9829755348037024,5.08990479307689,0.3913056447631268,0.04308446960342126,3.0457546610705206,0.7101277979974467,43.87535820036139,21.519828365655833,0.6946743248443257
D0155,0.2923828940905133,0.921507839225582,4.866941583474542,0.7369606390063358,0.032427245947112916,4.015768403694298,0.6747730537296208,48.51057183295186,25.402673311338035,0.6523580086925367
D0156,0.41045836792137724,2.330756957771392,12.21069598279459,0.2880307820869744,0.045239483757734074,2.4889186202282962,0.8182699639155616,44.43575068644741,27.674710758076657,0.7916515178060095
D0157,0.5204795107570839,2.4692179313568454,9.033801665318531,0.5711697802239284,0.051263240191339515,3.123150807802225,0.7900637837857967,42.17382412183983,26.56469821037598,0.7700731552312792
D0158,0.17295173321370594,1.0786614995341282,12.69324242066973,1.0546993880861593,0.04655685601187638,4.071863877792768,0.8207506704951454,44.298386284338534,23.696294116077677,0.8015904285323596
D0159,0.6446591511915785,2.828989245946798,6.685085040198334,0.8948527589952596,0.045484342697447444,1.621966357377905,0.7254785240445847,43.06559187985835,25.813368474140916,0.7048672836326968
D0160,0.3921393291551266,3.4501790461681576,12.755822180416613,0.5193305977657936,0.05211556943862608,1.7400441536450253,0.9124449650358427,40.76039940420966,25.50190783957392,0.8898940901265685
D0161,0.25405871684017756,1.355557201207115,6.9437661725463204,1.0874563783350517,0.03619942324382573,1.6260174486490548,0.7879775705065406,46.97997018607822,22.974680719834538,0.7639662413772563
D0162,0.23627023270650668,3.177103043230062,6.465572842506562,0.527309397719957,0.042562548961462075,4.212328996023149,0.9363263993551576,43.08834514064043,22.58724633497449,0.9159766424610646
D0163,0.2612617425219763,2.800313418832477,11.368361069306582,0.17783665514495925,0.051077279193068384,2.0431318422966083,0.9389290609990424,40.32403542467567,21.613518391707984,0.9211592980591919
D0164,0.3573074626578472,0.8577165557183956,12.374045547842178,0.24731492975119668,0.052435931899847854,2.916257870360383,0.6731372732715022,43.707938562287865,22.665756324726292,0.6582911798288504
D0165,0.48726847879548874,2.649902561340183,3.934882345148537,0.8285247195900522,0.036936111207014496,1.1135569145915585,0.7977292857781842,45.681703966771295,22.397686469124874,0.7744387082748975
D0166,0.6150811928068136,1.4498319726826896,11.914073356186508,0.38881791176364267,0.04787652799523779,4.107786029221993,0.6156445345214587,45.71078230539266,29.39183350186081,0.5949645616563213
D0167,0.2555425090891672,2.091927219277162,12.116131289865738,0.36960301049538874,0.03299997855873769,4.07347489074771,0.8269670643480991,47.86133830406049,29.01115918569892,0.7944118044752246
D0168,0.6098004772386613,1.8664958470163229,5.533265885502052,0.38243383413634924,0.04319751368785112,4.853810195671894,0.6707843301651588,43.88864552223014,26.610456798148782,0.6534341776583031
D0169,0.5366357403617088,3.018958460129787,7.271652095754407,0.4557153386324254,0.046778336153232694,4.705556909890783,0.8171174488947617,42.41660069515527,27.88081137360194,0.7958388574893936
D0170,0.4533251438318556,3.5117952684022526,7.905818650594239,0.4891606961150979,0.033501396902206854,1.8321338577673705,0.8261376864396102,46.43295454523022,27.70869266960877,0.7933897658943889
D0171,0.493471428607544,2.9313820208765984,5.830591404695195,0.5024485198558535,0.034564757331844095,2.5879712503030676,0.7925255968897462,46.469411414223245,26.762383089156582,0.7643036781603606
D0172,0.28001185347393,3.367677679064178,11.225868063051198,1.0565170943046143,0.034954394301014234,2.0745149715311997,0.8829025624981862,46.077645185028906,25.91756308960126,0.8520767295201808
D0173,0.5805594700966066,1.4552930422111214,6.919819243715898,0.2638045364306466,0.032606014338035665,3.3398153511099964,0.6012577735727382,48.256146001640815,28.55280669066356,0.5773623638990942
D0174,0.27263975535317053,1.7564792610445297,7.486169166923473,0.9311703365625761,0.03426277749442191,0.8810088692170792,0.8134949577592228,47.506734769904355,23.4183832673422,0.78606877842349
D0175,0.08442101221319204,0.9729704392330707,9.984982622333256,0.6607265901289279,0.03411045067853335,2.256827778673501,0.826745630389325,48.25711896697448,23.02428622128789,0.8005933119001511
D0176,0.08129342975844525,2.302724385083337,10.81868502700518,0.30636183056589095,0.0508808803373388,4.145709433795359,0.9682269161868373,39.27305441835545,19.20773769008151,0.9546407283301442
D0177,0.6662900967923677,2.218636669027605,8.805688780977746,0.18222171535838222,0.05170862467941313,4.116084109620347,0.6703039326703516,42.864801585199245,28.840259985628546,0.65163942911926
D0178,0.4377354327016716,2.925641346858046,5.782945447096402,0.9497984687146248,0.04736121345632886,1.6293114006054132,0.8762565844927594,41.43742256324169,21.522837550560517,0.8581241764474931
D0179,0.5096781007141484,2.3191683991883214,10.473530105052127,0.3125863717371811,0.05030398655214951,2.3588442358528035,0.7752092851860828,43.18086542514305,26.9906203573466,0.7529129723369129
D0180,0.5715423808126385,3.5472085650566223,4.054979631417413,0.8018377115502716,0.03269476415941455,2.0767134456648524,0.7776903676862221,46.97283886117504,25.794109761617417,0.7495662096529095
D0181,0.6646211131429342,2.6303341177092294,10.587567027371133,0.6200556188419777,0.039808962875231974,1.2781254284718087,0.6518694528622988,45.709162008531145,31.420254570927224,0.6212774077471124
D0182,0.43970593082698195,3.5051130281853853,8.219121486517516,0.6293699104094543,0.04856330395909783,1.0758070696321491,0.9000502726090625,41.20796191538038,23.001507785927643,0.8793715553522021
D0183,0.444792726977317,3.3522627827772595,4.9190641263141535,1.1256878374743688,0.04965301680706971,4.6365934243801386,0.903114152625374,40.05177776547487,23.207674177816592,0.8870737868050603
D0184,0.10486544967273644,2.2229567117169804,10.895626475797183,0.931913846605902,0.03713545145803692,4.913883049612528,0.9168534318565815,45.98635680964449,24.275519160311898,0.8922553774549785
D0185,0.11085464331598213,2.7586964040319617,12.470778111934612,0.9783582473295536,0.051551589805356596,2.6846313943890827,0.9688718478291095,38.92874519613791,18.46243755731673,0.9550249284734743
D0186,0.5988204615641505,3.303886014651111,9.470196188309803,0.8027107430204731,0.03373640161986318,1.97611853623251,0.7172461756179339,46.134130334824576,32.22801416656109,0.6815063904500596
D0187,0.6638369401649339,2.6569386603952,12.683172551377844,0.9513080704145311,0.04668569630108448,2.372858005765564,0.6627373462650137,44.828068447185466,33.19163421498759,0.6319506084483375
D0188,0.39048216378321665,1.5377390053025777,5.752315675345818,0.6794079442738198,0.043165714643588184,4.060450814621033,0.7628468800066066,43.885334165116994,24.01108223186379,0.7448768056123082
D0189,0.4920441754881809,1.847696060825706,6.116817141325864,0.8156422066548107,0.036603465122594915,2.0602735838257575,0.7134368921643588,46.441523266662834,25.31385540148097,0.6900042411433835
D0190,0.3590570668671226,2.920749444589017,7.550384259224652,0.5163464419245181,0.04720626718098185,3.8380732542953218,0.9071163035570684,41.642510711190035,23.996193765805057,0.8877577270910095
D0191,0.4102045408694883,2.9498649614736827,7.8341640410778925,1.088298802903381,0.046043603146483786,1.8525188723029258,0.8814491086228343,42.369872919480486,23.47928537797734,0.8601960284115784
D0192,0.18402158931018933,2.7709351469588723,4.226235762252375,0.6907967610529564,0.047011851596149214,2.5694031996629896,0.9544316810639504,40.99128596267921,18.270023984779165,0.9387521892710642
D0193,0.6231875991501891,3.1336730165910174,8.965952277958577,0.6468982753337508,0.046355135122176955,3.824551651060013,0.751820402545464,43.3287271943843,30.693871683788164,0.7263195325795132
D0194,0.5750196232464236,1.6989007221359438,7.0831152688557015,0.7149413627346207,0.04815882929519341,3.4399352278000785,0.6822962662502626,42.918246344814065,25.085628676483005,0.6661965553856036
D0195,0.6501564806707747,2.244843047045456,7.803289305043367,0.8298310526909112,0.05363408188127178,3.6349601413204113,0.6914713485242574,41.61540996996166,26.717620631854462,0.6753131744026739
D0196,0.39673904785872616,2.419395050835878,4.017580968607968,0.20324015276762936,0.04425840504338835,1.7423851497976885,0.8588039423322997,42.531737537621794,20.23636563804461,0.8409802478597972
D0197,0.5158362245737252,2.376735293975158,11.332415316067374,0.8963502545482089,0.042472362857410496,4.2408954771895,0.7464843811951851,45.344150059137085,31.547820648358158,0.7176468139834917
D0198,0.25065795733221147,3.1055411569811113,9.03815138967227,1.0593817472635223,0.044481779051558576,2.1529364040172854,0.9352301750400317,42.365494738488735,21.607777409050897,0.9147222730104049
D0199,0.5889476996948024,2.947074446777817,11.596237843251938,0.7215357535560468,0.05083052030516497,1.5368043900215747,0.7613060554163298,43.16486075312239,29.524081920901764,0.7341464084432703
D0200,0.34603126502839365,1.1252768008353624,10.717632521191092,0.43079991349514657,0.041608834383906036,2.6598378249796863,0.7068504327512277,46.39665291865648,25.117705677457316,0.6854135677493525
D0201,0.28182870098599017,2.0292577433271157,9.397615313434294,0.4591619999833695,0.04000718650642429,1.3908865628651048,0.8573735363646223,45.32392103447212,23.384114921683796,0.8325017382914097
D0202,0.151943556771168,1.1401038117351967,7.108219147453011,0.28731771129624883,0.036651864266793746,4.675191211623966,0.8218944146994923,46.84486011919823,24.74688506370249,0.7985912219592357
D0203,0.4171401719919552,2.742226280728235,11.562153023654172,0.3220720912981873,0.03968705933176197,2.710741642632896,0.8244324065172199,45.30194048824601,29.09541946884303,0.7935962383459428
D0204,0.5974955244222458,2.591824670620029,11.163784894027456,0.7056151225019642,0.03938419938869839,3.042148506299488,0.6926131465203019,45.84998446233328,32.71216939482725,0.6607121546475152
D0205,0.20603360715614022,2.8758401629340744,9.866586081215651,0.4725568729702844,0.045963256474383395,1.5646148619753975,0.9438448593083719,41.762649839868594,20.150065672894133,0.9248879134975505
D0206,0.5512880205592876,1.2599485904567551,8.58521829677828,0.5621038926262847,0.034167360828084484,2.934609983334075,0.5971348882755659,48.30821263780071,28.246049105752334,0.5735267154229315
D0207,0.04399674174968491,0.8824579201140375,6.323419087962767,1.042303560863853,0.03285327518013202,1.4381157399026998,0.847173749600659,48.50203940066561,21.127285279504303,0.82122610182425
D0208,0.20013538706218512,2.701399731130691,9.515416153672692,1.0492722586041268,0.042409646102564924,2.4473451790312746,0.9300938543574531,43.42435508152019,21.763944134045794,0.9085799511398841
D0209,0.6239125798699326,2.001758355758028,5.660431439082058,0.32998433673770367,0.036178023927525824,3.072206912216681,0.6483596166990534,46.39718647550353,27.204782812145712,0.6260253684482366
D0210,0.28289046046242017,0.9383340789828296,7.522476199838107,0.2022641345910495,0.0475950661620632,3.5492527205528277,0.7322079771281925,42.85978677405297,21.925625532073393,0.7176875408648495
D0211,0.5070617670659806,3.2932749610081,10.185186511002346,0.24265802526401964,0.0348997254452202,4.148821518557746,0.7822384234848104,45.96598113011187,32.87192579963755,0.7468637717591804
D0212,0.3084307739533759,3.3461530082135074,4.277619594363031,1.0089174105750578,0.03320500997130198,4.015523741691508,0.8816508827075004,47.39827223395692,24.952372721489166,0.8536489586261484
D0213,0.2177006108475773,2.666450031473666,3.878566847075226,0.3570835811958686,0.04705049070234653,1.906565053296995,0.9466528855396916,40.99478825682346,17.81446048278984,0.9309523903821333
D0214,0.09571742240357639,1.9707842743194317,10.446065714089213,0.6272762746410414,0.03349338814041779,4.918733981720757,0.8927100184561809,47.76851317128234,25.353788609297883,0.8649493139353468
D0215,0.05477629906111185,2.436217251721183,8.048341818318166,0.7332158895583101,0.050109690620622094,2.7963463081781748,0.9707182272579356,39.47586639774504,17.00541700367732,0.9574693105303496
D0216,0.08539589587315319,2.706132895284287,6.020385115527377,0.6144768177251119,0.03541996954487302,1.4322797809171626,0.9177677869746684,46.89703409629272,19.852451222878432,0.893108795522739
D0217,0.30634056655142594,1.6135070155964266,6.130084575000351,1.0774242013487332,0.04557518739184786,1.3970664345931842,0.82905447986828,42.76695705906153,20.26405111633309,0.8117892674630927
D0218,0.05889003740240174,0.9512982275076254,5.939687430278091,0.8983447601473207,0.048832909489452236,3.174326863825524,0.9061480834853985,40.72141126408143,18.299911241920263,0.8923880387918136
D0219,0.2487770433913908,3.110932718878617,10.08674851309166,0.6219791652049657,0.044686552845901895,4.551676942604887,0.9347189537839021,42.333801503150084,24.43613178026543,0.9137908183667361
D0220,0.2906930574927108,3.0962635028193617,12.11052495800488,0.19010824799594478,0.04125074593909135,4.033100784499792,0.9049843564510691,43.993315039269405,26.975908194832382,0.8785642341870439
D0221,0.2555291178026834,1.1404844730512282,9.49648725874594,1.0245713391336548,0.03862586392313537,3.8440992247167216,0.7567269711375877,46.78655981145633,25.610185294010964,0.7338138772266127
D0222,0.5971129751659462,2.2231859602440247,11.194058358173162,0.6589939964650442,0.04219144751843547,3.2305060661658223,0.6774588411851362,45.78508283294638,31.53098925206783,0.6492966155283987
D0223,0.29030677613581035,2.9726679636752182,9.686204503068112,0.7767114899716256,0.04871821448994778,2.3113703845143365,0.9328999772737078,40.99524499630392,22.09231438405574,0.91409573837444
D0224,0.39513989367673785,2.862431467935778,11.447028478472077,0.8103044657724265,0.03560969015839682,2.811711318553383,0.8215981471048788,46.2451303631005,29.709417717149712,0.7879461016518403
D0225,0.07629124910922971,1.4738442003783392,4.930525854281326,0.23737165464143006,0.035597070609897696,1.2511712472752845,0.8991313306522751,46.968381556230206,19.7591559263372,0.8749774151299208
D0226,0.4907485129602678,1.9820199640579224,6.821186512011002,0.35501404459093244,0.04739271480770864,2.2502373186006794,0.763034125319259,42.6344430908816,23.46902847741986,0.745437212601243
D0227,0.4137818366885615,1.4230616536705971,4.4212023357287835,0.863709717374057,0.04714420786263763,3.725122147531995,0.7461283577354788,41.75611561280126,21.645598512509594,0.7322544757634373
D0228,0.5360006407920066,2.0139941658663245,5.801256679583341,1.033787386770166,0.04179091058818628,4.298585510825456,0.7251163061669124,44.359127088797294,26.337471506366413,0.7053814850649445
D0229,0.08740291129337165,0.8676795947216024,4.809669587729296,1.0642608882597686,0.04662476123123273,3.640307642375114,0.8583614640291777,41.7676181336125,19.40786633619278,0.843910782334043
D0230,0.5508145160414443,3.4876692979236346,7.852019112862646,0.26697745697322384,0.04799237069912814,4.239497561670574,0.8373571566462961,41.904448419180056,28.24313676678702,0.8150131768008562
D0231,0.4718642969578424,1.3254523521891688,10.414424124424393,0.6875953035912828,0.04821556659923501,3.553266207979422,0.6856296283168142,44.53462341812183,25.990167735554518,0.66720552516664
D0232,0.6153183626102106,1.501888282122891,7.148611267236356,0.20106833363957893,0.04601731561868931,2.5626669225130145,0.6355171927897159,43.86309322671979,24.57642323127179,0.6193417657519917
D0233,0.5959683031404996,1.208343019751964,9.521977142984316,1.0239470894424727,0.0424821405184222,3.348762261354528,0.5991414770552927,46.22606714852596,27.042850617484227,0.5801019812713656
D0234,0.6350668812008264,3.187520782636075,3.779224194506522,0.742511930015428,0.03949371995353651,2.694152795322936,0.7494335067532334,44.341502870256726,24.453694033804908,0.7285666272628911
D0235,0.19530718960631957,3.501587426383514,9.812978859767558,0.5240162315814167,0.046609779343607396,1.4026996218195946,0.9545961549161673,41.06633053416084,19.262635827918725,0.9367191881091143
D0236,0.5758504095391241,3.2305728063514785,10.025896519025935,0.3198683025031084,0.0469484552207335,0.7547489948841066,0.7890089822717148,43.18664740969521,27.860786856106742,0.7619101711754976
D0237,0.09244274180794304,2.0466760875498426,5.604268898351853,0.7968810236061661,0.04698669977978287,2.8957446086523904,0.9564995760033249,41.13320220586114,18.18863720068323,0.9410713844601751
D0238,0.16169535366108112,3.513049725362948,11.076282042685504,1.0719619451731144,0.03482644425013907,1.0195820756384644,0.9061417323942187,46.46171519851977,21.87977834837644,0.8786384057538873
D0239,0.05614445947863774,2.530605363682944,11.693620193963541,0.5383284903633252,0.053497421937006406,3.957477361914732,0.9763602697563841,37.829146322253706,17.853071097660216,0.9647439837187965
D0240,0.19070168156118178,2.884605674025167,7.58983899600465,0.2993443355282309,0.032262213213561895,1.1231640786957602,0.8836989842346471,47.86524440887359,22.55985682880696,0.8542433733373114
D0241,0.14392423898146744,2.634019120322556,6.524235166095148,0.3560654408464498,0.04198399441993899,0.9954686518670657,0.9410310255157823,43.51884904897224,18.340794468372284,0.9212456182661216
D0242,0.4174555321953497,1.4875576059918927,8.979173914390767,0.6869103284751094,0.04919004874997925,2.020489702575195,0.7462672783707925,43.175796622292815,23.125333496526533,0.7289434828944594
D0243,0.54850463602942,0.9458540035229728,13.045797552113905,0.4403807073789731,0.03260442729003848,2.144199323930608,0.5414393658614589,49.940489084936495,29.048626960102617,0.5164128669940886
D0244,0.5219908814813943,1.339502128333607,5.0254804841350715,0.9258134518548361,0.047575584411610056,2.5203033801891586,0.6747802342017668,42.01476857922944,21.32170643049437,0.6616406559286083
D0245,0.5711500599022361,2.8125761803375946,4.1239594472032435,0.4155054093023763,0.04392955575913426,2.1222452221080257,0.7828436762435715,42.67500337752692,22.474884359674896,0.7647864539839614
D0246,0.19832429424414802,1.922684365617488,5.818964953186445,1.1213661967128938,0.05029610145699695,3.053516336213435,0.9270027918105824,39.9574488993679,19.22419870650588,0.9128168215084209
D0247,0.6224099691938387,1.8094742623884432,10.35314325385949,0.6626303523740267,0.03681718385034257,2.2405694341220945,0.6125766288742934,47.34615016633619,30.400261108269106,0.5853499677710072
D0248,0.3139229971010341,0.8703132298756487,8.63386900787686,0.3415306508051568,0.049426186218383766,1.0497789219548874,0.7017516968511042,42.78336527718349,19.592440642156564,0.6879406469144387
D0249,0.383591392415482,1.7795182750466423,12.008353152269779,0.4546943842577637,0.04904531295314442,0.8665660658273361,0.793081023154898,43.97391552268422,24.007179983008808,0.7712227027205472
D0250,0.20089232536702606,1.0706441018050434,5.389412227743302,0.7146243856151953,0.050980603333607155,0.7560693525871482,0.822054543715558,40.14395857415609,16.779174208257782,0.8097465966273596
D0251,0.17842139913892346,2.858214176631491,6.913151182324151,0.17736477611077112,0.044339434031305136,2.177370622151651,0.9465890687569699,42.31972329217497,19.469947910383524,0.9281265553075224
D0252,0.65712020617585,1.2181831621096009,9.899414269698012,0.7023275662533687,0.052707712149590163,4.544940672863111,0.593463250100802,43.61061221559301,26.56796956771042,0.5790070379234911
D0253,0.3856571674570559,1.4077281901741707,9.923333904350653,0.18900196017413545,0.0420520549162824,3.2844865141840485,0.7312462367941319,45.851195448306534,26.229087689441346,0.7090379782524854
D0254,0.2969114904026968,2.6866993025513644,5.858560304666183,0.8133539451119056,0.03853115641508274,4.773677373048182,0.8920038291514609,45.11313326576798,25.064161574024602,0.8680610782260595
D0255,0.4027671131643048,1.678025214744025,7.421627898997573,0.21839192203621263,0.04232998630242803,1.0686493529553092,0.7661367714149301,44.715820318745465,22.782864332881932,0.745444414376303
D0256,0.18361555925093784,2.06705736590523,11.963763644138762,0.3696115016961762,0.05179106807336151,2.4935359201410714,0.9363063785802525,40.367901094044996,20.578777051690878,0.9201473243883272
D0257,0.09962357169011565,2.7481888259482288,4.739794376390468,0.36624191413593554,0.053447717823166124,2.669250413885468,0.9757991464620016,37.80368177628664,16.19693750598334,0.9644430551008251
D0258,0.5338913952857539,2.5076445066457733,6.116543744715451,0.4878410496616885,0.03424752792534305,0.8575679517783981,0.7345229210085504,46.79060878680039,25.778571356720086,0.7071215592493136
D0259,0.18028455424381595,0.8740208711315325,10.5269611030998,1.0456940073226715,0.046661749566367185,2.6085349144501064,0.7759893104961015,43.940593240055364,21.388077543691438,0.7591197405866748
D0260,0.3484651546047929,2.639108131022331,6.16217086180742,0.7123455331055195,0.051786245923311366,3.828811522513952,0.9110313091513406,39.56321132982445,21.801295991249322,0.8961618365739796
D0261,0.1659925830471279,2.757000587888907,6.073647762896202,0.8175896544127191,0.0341042654132265,4.336666095423771,0.9009517660156073,47.261918392539386,24.266309505433767,0.8741485452998892
D0262,0.43747778468791587,2.6492599899959677,10.264689341979572,0.49908251106262896,0.03382478579135122,4.075516377222989,0.7791856661749512,46.95447388069733,31.515177010525683,0.7452776599517463
D0263,0.5208892157831332,1.7282462983468556,11.29809053792312,0.5781363597707482,0.04177271519021028,2.8559899622926608,0.6810233112126858,46.37141413554897,29.126599199107186,0.6553893827486139
D0264,0.27644888519826105,1.8857129805030153,12.357679686773228,0.20642553688826057,0.040192933544209476,3.4739480505617677,0.8392891976921721,45.890966953029114,26.906974592330762,0.8123437828851406
D0265,0.4760623689884478,1.5385472645197167,8.859014898223174,0.5022918553299119,0.04920046185751677,3.730721798487273,0.7184080335640013,43.33135556294468,25.456856485178534,0.7010481374604175
D0266,0.046598518278985715,1.8102912369940125,11.709831838516129,0.8141174398317482,0.0526795524931586,3.8196977373793404,0.9714203885541804,38.50283361648299,17.98028414690075,0.9592116855985271
D0267,0.1418032456247751,1.2583760293659485,12.868983214687436,0.25101641339480507,0.03720760308025053,2.9648207941077076,0.8376709973295386,47.24955590299193,24.572597466037244,0.8115268139058662
D0268,0.3045957175129851,1.3904318470421075,9.96905762899118,0.9217276357925891,0.04679296685147449,4.968099805645817,0.7927980977516828,43.92041637363554,25.717033238188588,0.7736919182320967
D0269,0.38329903492871276,0.9114525260245805,10.911880040321623,0.7494823514129131,0.03633358730099372,2.8226644772422365,0.6305888934322885,48.39228219972206,26.486136802460564,0.607891670433062
D0270,0.0404213310070253,1.969102147374018,8.01182840495131,1.0188582201233007,0.0362461572591779,1.4457454406178845,0.922518198161075,46.62190746315184,19.358810501298485,0.8988273652776847
D0271,0.0828376020462428,3.215074599811455,7.394510360081966,0.7926399396540277,0.05158817405428402,4.033613755487211,0.9738005827982296,38.66098727154162,18.120234813379557,0.9612919391363964
D0272,0.106565563878705,1.7505831146644204,4.867120006469852,0.18008265064481693,0.033845733139382134,2.3680738564388606,0.8903895365298325,47.718354112559226,21.695260440570078,0.864364724043705
D0273,0.5525491024484688,1.2956270493140754,4.541456548298303,0.6744340762227569,0.03618723768523577,2.6065751725417434,0.6229263571951688,46.64179683337122,24.092543142846417,0.6040912809445032
D0274,0.16898174127613153,1.888766584635769,9.435480449882327,1.0642571455668692,0.04799830457399425,1.381604769655923,0.9271790665417703,41.56418896953092,19.117591611672395,0.9100819454180271
D0275,0.24954317422096853,1.71969499356533,6.7975515016737935,0.717053477034396,0.05359027459879742,3.744937351899158,0.8900215404273936,39.27994510518652,20.536161040680156,0.8769808377872075
D0276,0.5746269775062268,0.9748284267463088,12.62593607996592,0.36594529978780327,0.04416647134414648,2.567512554846217,0.5780609586194563,46.975337062834114,26.336229214306325,0.5589687820635703
D0277,0.5809143167230576,2.9895810938392655,7.139498585352346,0.18038801213935413,0.04913687212314889,3.3636115646528455,0.7914862435215094,41.788003606717155,26.56618356411691,0.7718446111376097
D0278,0.5841142570978362,1.7541289883507576,12.26143898545977,0.8394667448986307,0.05204029548962352,2.2153999582510373,0.6676826696206337,44.57886348875098,27.79068817054018,0.6461889405698786
D0279,0.32424512334101396,2.51671331294021,9.203819028666476,0.7853879101052217,0.038449283572632435,0.9430642817454423,0.8629844130546541,45.49494285324942,23.964956058539965,0.8358824772629454
D0280,0.12066572526493684,3.157229734153834,4.761277515771818,0.9753150016792593,0.05116812883971247,0.8354553099236348,0.9721502322495907,38.882003005077706,14.994124427041003,0.9594240874347566
D0281,0.17106096776230262,2.1832712031531916,11.423463766763387,0.6930001601661774,0.03606896375739128,1.2271716913682338,0.8902523579258803,46.544091695273906,22.771300523171632,0.8627881535433588
D0282,0.20028951993468536,1.8523216118207853,12.744820577707713,0.554424545115795,0.04629494444568648,4.683450278203458,0.8998421403702003,43.25883761773942,24.898465363126462,0.8789824126324981
D0283,0.23489024043231357,1.321563793054974,3.7351462470187147,0.7734129493560408,0.04830444116629939,2.835738280403347,0.8411714085216793,40.798197835418954,18.845040048956488,0.8276709116320898
D0284,0.29735811525207734,0.9493931535960831,8.0307284061895,0.9102787598225236,0.039547773597803135,4.767052692531401,0.7026447316005371,46.304579539684894,25.6365722132386,0.6829746449862155
D0285,0.08951046600731512,2.2428190119785256,10.337855880748558,0.2432632994181564,0.04892486575885266,2.558459563465842,0.9624236431009688,40.273376063985374,18.209793651739197,0.9474937751823345
D0286,0.2647431608092179,2.181866520007132,11.770572169322863,0.7831239796351102,0.04470717566933189,4.736591474634759,0.8887786348528082,43.71104522046478,26.364643350689022,0.8657922044242865
D0287,0.24076915543588984,2.2980184120787084,7.306347045342851,0.6363231837378944,0.05041872853241769,1.3729167818292611,0.930588093784221,40.14772074360091,18.751848718431138,0.9152148143500971
D0288,0.6344569762001955,2.9637961213856086,5.103486890644266,0.438130558629745,0.04018430932199718,1.2686423174507149,0.7320762071327473,44.315215302670154,24.62215686593843,0.7101943730001141
D0289,0.22852835796468293,2.6572504283345975,6.89690362382819,0.5378212803416803,0.04480395502240896,4.227862421833113,0.9340650955136458,42.27997523799706,22.32527987335084,0.9152503062008506
D0290,0.40375285250461534,0.981760714895767,8.137122332566149,0.22796406241723144,0.03460228323848679,1.935061359060821,0.6331086477960477,48.26151683146665,25.121827946593854,0.6108294575737461
D0291,0.09146145099454872,1.517042230843546,6.441573368502077,0.3332911305947047,0.050354127509063526,3.572493353019319,0.9452893566043103,39.807877175120474,18.580728387109566,0.9317788184248181
D0292,0.12942675063956632,2.947565213786725,4.923902460611382,0.23367958318971288,0.04897812047414421,1.8383960043524672,0.9662853939047777,39.984416301517705,16.66466896100533,0.9521128912581217
D0293,0.09350954740741471,1.484540564034764,8.949824376671128,0.92617455286737,0.04863887137492649,4.714578305117833,0.9368096252526785,41.02416289221203,20.820595841937738,0.9214846936669382
D0294,0.5551677440518804,3.3145341999136013,7.025628724297297,0.7843157106872017,0.034449026565453705,2.191551907156981,0.7701795532094154,46.16662193657507,28.715126385886336,0.7392782213119656
D0295,0.3060460560556777,3.2489338647487207,12.680097140442733,0.7625339892966515,0.04292337022280234,3.7760524257611268,0.9097366785050753,43.327186436081966,26.981610883807015,0.8837848320115987
D0296,0.48102639620686705,1.7839540985437141,12.52302162593613,0.7210596030782995,0.049481979325613185,2.3595897145967353,0.7290284649756451,44.68323148385503,27.344720647755793,0.7059676239154671
D0297,0.454397130119368,2.062898201547541,9.681734790412495,0.9424141473940265,0.03276635041336291,1.1068100434754524,0.7189377975539153,47.87277036124455,28.343475232300392,0.6871212229031757
D0298,0.16958631773972122,2.845190745193995,7.418240930371885,1.1114248336196386,0.037665141950776755,1.4407665175433428,0.9202139700830694,45.50721946113007,20.671402356832193,0.8961645106747592
D0299,0.27598535224776816,2.271849703228127,11.748219038169072,1.1322887164904518,0.03767873969119777,1.2862611723646165,0.8588151185113775,46.11746115874081,25.022195603962004,0.8299329193202029
D0300,0.4574740879745278,2.5416445029895485,12.493155705639522,0.29430384616599364,0.05168539096156887,3.7569907937143956,0.8225290550126951,42.87737432031068,29.003422039723635,0.7981714125471844
D0301,0.3579449450657708,3.0674658313903818,10.014271459206395,0.9789177573394493,0.043119082796045254,1.443136851562757,0.8930923055142752,43.46338336749855,24.34154130756606,0.8681094924171752
D0302,0.38498994650311213,1.2791403427950516,10.768566711929093,0.9888371211498452,0.049262202374306036,1.8652485642342858,0.7296628760315043,44.008041681567704,23.280114393526258,0.7116281175654954
D0303,0.5760101773315011,1.4393918684651317,8.307973446360787,0.7438103590862927,0.0515745074936802,3.488831165674863,0.6570697753362539,42.66735128124329,24.854221518188115,0.6423399774126424
D0304,0.31361857176337316,0.8122781040341713,3.7812196622848617,1.043298203507178,0.051394979413511434,3.5199293010355057,0.6991262577396,39.58465340453624,18.893919541799665,0.6893288765320802
D0305,0.48283014233905674,1.8286005132284913,8.828091413864993,1.0183147907723118,0.03380980592240324,2.4645186296312707,0.6901727183379655,47.78615429013547,28.791984732434752,0.6615374160090834
D0306,0.5833035891684485,2.571144767046291,9.831431281427017,0.24177845207152493,0.041319479922430305,2.0314719510059005,0.7191844614836422,45.24340655019188,29.64829372198719,0.6909313317364365
D0307,0.1590016342729413,2.339870935402902,5.248429949600983,0.9911783801436096,0.04104873179925217,3.4283678766105252,0.9307768103151715,44.04853181132497,20.956502664922972,0.9104607263927474
D0308,0.200489559636591,1.2752374544216996,12.65935663457196,0.5346174215370874,0.047304485678242206,2.389546007550424,0.8372577572574872,43.957106334636265,22.442899974371763,0.8176411101905028
D0309,0.49191342663039794,3.460960697119523,9.29048588441182,0.635256442750114,0.039090488817935934,0.9077883022350961,0.8299454591496087,44.69974270915612,27.317202715734343,0.7993445338463431
D0310,0.4256930751259409,1.5260011105784623,4.571148213569915,1.077934689363144,0.05321604300987888,1.5751339565032094,0.764276440151268,39.18527097872779,18.461441776982674,0.7531550299199612
D0311,0.505204447322623,3.0514952164661615,6.53645815139685,0.8445334239548066,0.03288993601208965,1.5103931111869102,0.7785322766341285,46.92298649162939,27.13677415837777,0.7476835367944867
D0312,0.3814479847430936,1.9861721009572917,4.872485540297169,0.622922603348032,0.04688990115018489,1.7863477155725325,0.8339572603525858,41.73581011536463,20.218636785491665,0.8178779790172785
D0313,0.12687622565272894,0.9046976593664345,10.542827128550112,0.3954027595399441,0.04296969845821497,2.1499733346884025,0.8146241437095015,44.997706504800554,21.164551262144695,0.7952841274977775
D0314,0.33215706891572916,3.499653904859347,11.895691532438047,0.8262602689906021,0.04185609971063821,2.4073901857195743,0.9054920246862745,43.51271061204986,26.048204081566485,0.8785569417901398
D0315,0.6539462116324023,0.8414717333829504,10.330119806494498,1.0115642881030524,0.041398717189932044,1.474277405558071,0.5398497784929823,47.02262378407815,24.286856347666436,0.522845053190963
D0316,0.0929804297492905,3.2384582184921564,8.18562814901242,0.6418509823855911,0.050836563297837624,3.8676025624837878,0.9718428509483195,39.01651374263008,18.400807751437522,0.9586974934979472
D0317,0.08400511042904502,1.2481391707708738,12.38353773294544,0.8925051599797783,0.04570774436299859,4.138893903078522,0.9112031108759394,43.12585731523455,21.755749519872335,0.8928989332704982
D0318,0.5674689591439299,0.9774918368871077,5.593483274862694,1.012723088944259,0.038534028229096434,3.6485047233570786,0.5860703340156548,46.145242385609464,24.626504247161613,0.5696001808611084
D0319,0.1445394148374477,1.4556605949700439,6.386666693237796,1.0715567920992184,0.04929442959307663,2.63155163031435,0.9117326879187979,40.65561840129361,18.751952915271154,0.8972543744814404
D0320,0.41197553968843437,1.384167693623934,4.912614691370561,0.5932505147503304,0.04256362126563254,4.932143234924385,0.7289986986394184,43.96000032373058,24.36653094829297,0.7121380249190054
D0321,0.23982990291184708,3.0243889354413325,9.915313077450879,0.3492778417150496,0.04040814447597527,1.903793676473113,0.9188001074306008,44.17235993065459,22.668068727778632,0.8946529722874257
D0322,0.4120959953364135,0.8556137690921354,8.751741851761244,1.010819387067939,0.04525812386416583,2.1027595050217984,0.6424792381627827,44.68019691768711,22.2027700406323,0.6270519485140859
D0323,0.44706684370124217,1.7767660720381317,9.50406672679785,1.0790000938234132,0.04183840083969952,4.311974830904259,0.7409659581605331,45.57820248485251,28.388598441831753,0.7171854971365751
D0324,0.25994218514612943,3.3435407434294326,6.503350288795179,1.1226379264166033,0.036013156216571626,1.6849541512405133,0.9042726282232992,46.020957972258884,22.321113168117495,0.8779378965663354
D0325,0.414554943520397,1.9174214838572614,4.690954607515371,0.46676492902232253,0.036544677119784465,0.9063649748908258,0.7714327170324938,46.21312453863818,22.26540413863346,0.7484909084471021
D0326,0.13795812382892259,3.4133466562884927,8.732633421267227,0.8174252996869974,0.03317227752759955,2.2724413171642315,0.8997317757909145,47.524907351670336,22.634415613072854,0.8717910973244275
D0327,0.38473729345545926,2.4115862106490025,12.500882656220773,0.8101928276453614,0.052332800179151595,3.456157396255801,0.8597513897679081,42.21165263394988,26.77079718529096,0.8378632696592
D0328,0.19758786928462885,0.9997090294190101,12.672578231856594,0.22794395936738282,0.0390948850301123,2.586031759256002,0.7619264267905193,47.261996520268596,24.520692282176334,0.7381255874989954
D0329,0.3785881833161222,2.978345719430676,8.323519564345808,1.0415929060343787,0.042332410416278915,2.732625991528156,0.8828690589204071,43.69747515692444,25.049719232184952,0.8586809566892973
D0330,0.6375504444971821,3.175567211832629,7.332166565463838,0.6539086632204258,0.048173419423197965,1.9308029399923985,0.7582337022744735,42.255939357291275,26.6210962301109,0.7370928339368282
D0331,0.42307378896347325,1.3585344956010756,10.764534537033533,1.0491864169536316,0.040347873230746414,0.8016094847967072,0.6930634596370271,46.789953528935484,25.011718685483455,0.6693748575879743
D0332,0.3480258756987361,3.3380957252745036,12.782954612338296,0.7973332605410065,0.050476309262314736,3.1268971562587082,0.9221605235687155,40.96727581226991,25.909987504883173,0.9002386695494201
D0333,0.15249703122848657,2.5366282436953593,7.421681928197607,1.1259870975206718,0.05250905153967173,4.966307322746202,0.9653628359576352,38.546683724809164,20.23574695050998,0.9524057700549219
D0334,0.5561234249822253,2.8942211510059748,8.074814163944552,0.6212201657736472,0.053052121318483664,4.4153761888428855,0.8069689895260681,40.97784966217381,27.453256760908427,0.7883568012586112
D0335,0.24667454379594975,1.5093300057936734,8.733825736205361,0.4008031357209112,0.05054131290111891,4.812726493617193,0.8577853881385086,41.50043748748543,23.26771224701641,0.8419460730111907
D0336,0.2479175763476248,3.1313755458884645,9.879123838331834,0.658087811479738,0.03295520564269345,2.7616828750029216,0.8762216378548532,47.12995421305843,25.92859168475843,0.8451937014065423
D0337,0.1903315715473875,0.9749374303701386,6.8179472571736,0.16847382631113964,0.052113895238930605,1.0043826900803765,0.8093710089471599,40.25637571580797,17.314828064555094,0.7971632468268233
D0338,0.3579742164393678,3.26250657278306,4.340007268429588,0.4510516246131388,0.044283785592697585,1.4700731153893591,0.9191103280814775,42.266000464210904,19.69868804386271,0.9003344177328232
D0339,0.4612547532901137,1.1514314035232223,6.097965548505438,1.0327142251557486,0.053495384359275824,1.9079201230662712,0.6875130040473294,40.192436312634385,19.63956612955532,0.6766381334866233
D0340,0.5513757552900386,1.6880635687049104,5.4343096503670925,0.25762230368064615,0.0512177423492895,2.4721417596985766,0.7054324798559786,40.73293527425782,21.604213025534765,0.692717217698158
D0341,0.3787542020410085,3.5018928139180447,12.016828187248702,1.0949257608042093,0.052588140676483174,1.8756527566887804,0.9234204420176768,40.22840779935266,24.565697923879053,0.9026516305408436
D0342,0.44155249533848306,3.4230075489523974,7.641007336424431,1.1234659710624855,0.041505235371182454,4.185307972626926,0.8735101666359031,43.740988892873354,27.308793383069066,0.8482117332412216
D0343,0.6535293927508398,2.5820579389144145,11.087170196809517,1.08476354713037,0.05172322642121489,3.916478857532128,0.691775247432961,43.58843803734242,31.772679116216025,0.6671436924272827
D0344,0.578743731743514,3.05029847992855,6.022990903685568,0.8312741647628757,0.039830988227363896,1.7595675122779806,0.7718701497799171,44.52991938525675,25.806270681412403,0.7475818148471369
D0345,0.32816731574536717,3.531058130424835,4.28224868579704,0.7424938143177292,0.03380713735894527,4.594113034315294,0.8850427175797176,47.058832515142456,25.49406066798769,0.8574296729943863
D0346,0.42535040025863236,3.5648185434900093,10.523240845563778,0.3287363122843461,0.050751445225688335,0.9568235646282333,0.9066837749465351,40.853313187839845,24.124053423716123,0.8848599735837245
D0347,0.1479166847925104,2.1371946012601275,5.941635826491526,0.7361799401117736,0.0475960514009993,2.7019251860863633,0.9477141359180022,40.934690046660606,18.701365497472466,0.9321178319066937
D0348,0.2455605057041447,1.017539662245028,6.3522119471847525,0.8665166903045355,0.03508703622393232,1.136626898582004,0.73147271822417,47.57041256616182,22.254930373108635,0.7088381685589233
D0349,0.24967817053323554,1.15582980286232,4.604666720467074,0.7077200351289412,0.0490578552416369,1.2330503393342676,0.8039296208792734,40.807799037450536,17.653726996600838,0.7909496054500825
D0350,0.5868739080297001,1.0403465375354695,4.307705428224767,1.030186244879495,0.03960619868551445,3.992182733731397,0.591742969622485,45.26523357869276,23.84333948083049,0.5766243743423133
D0351,0.2777839335162828,1.1124312202110698,8.802430948885956,0.8863801785241461,0.04435522443143321,2.0356670035293325,0.7593978874020678,44.532547126419175,22.102447899839188,0.7410741149026673
D0352,0.5018599617629,3.2696079085386005,10.173688956646023,1.0453732105248201,0.04326922046223103,3.1080689707238034,0.8280118398257769,43.81485256351906,29.534923981152794,0.7992996909121852
D0353,0.541576334394262,1.1547888115048717,9.425812582711863,0.6206833224638238,0.03865736064048525,4.058386729151146,0.6059104883477153,47.28983319352974,28.179533089529684,0.5848659984272939
D0354,0.2586084653099334,3.212424742047695,8.959918052040205,1.1114817303620996,0.03865118190149934,1.3442314423814938,0.911697278179466,44.81457389784123,22.464176478948946,0.886251372669586
D0355,0.34771951241079646,1.3639034916033268,5.501271559611037,0.932742983113592,0.03931571697701188,2.3143865220975264,0.7507362649165872,45.474866239695125,22.661671556767647,0.7307914956724488
D0356,0.6410774224355579,1.0416352009153096,7.760886991280533,1.0587545632357716,0.044928447854933294,1.8855085702096859,0.5768231701829386,44.718257252313386,23.21432112865992,0.5620718368726055
D0357,0.18080476274169308,2.2662817963810937,11.135770133538013,1.048722131027085,0.03830931848037794,3.9150722787788976,0.9026002742806645,45.56038219442762,24.851696372540015,0.8770514375831407
D0358,0.09398430974877334,2.5046684263614813,4.515572914301635,0.7806549657089678,0.048546350365039084,1.0141451166943927,0.965665030053683,40.254151473733565,15.56996115885128,0.9514902210385549
D0359,0.5231467868465831,1.6823319385644662,11.248151915302852,0.677399127112243,0.03605102017953927,1.141713732174797,0.6508745259380813,47.77308447328516,28.79732699789541,0.6221507803400337
D0360,0.09618108132713332,2.8387104124870177,7.453174264488197,0.6848254009843319,0.03759170938280383,1.109248410168564,0.9282347326094847,45.7147158986374,19.18012911420719,0.9051934498220268
D0361,0.24540780736498236,3.3533907587800407,6.431167516498856,0.3995351022240722,0.04881818738340256,1.7512573435188536,0.9559809022320344,40.105736384707846,18.633807133217534,0.9401650966799702
D0362,0.239149506940336,1.7646265079974073,12.877716925709885,0.3241190941694637,0.03322047392662173,1.8839936716833567,0.8089347477260295,48.222121130444044,26.80801613004134,0.7768716374174491
D0363,0.3335898624945638,1.76999701037012,11.860336932266671,1.1320511863887428,0.034388485172613954,4.210972697473455,0.7641723459381481,47.93254777619356,30.1645924002034,0.7328201356514054
D0364,0.15963998975154828,2.6485995215493876,7.353090520562775,0.36765626827215486,0.04494341721593622,3.0575902808183413,0.9480804792206207,42.09449742877535,20.125027631770394,0.9301173687091464
D0365,0.5937680710944607,1.0120062512356376,11.527195911920783,0.9943137415917178,0.04775677556586977,3.189138613483018,0.5863202529566522,45.62117727244407,25.857709836947624,0.5694954999458135
D0366,0.040153684963807675,1.4841466086631327,10.219080072630625,0.614503600087822,0.04535297377235968,2.5500388820591438,0.9507662578865533,42.210156486503934,18.302281538477438,0.9340320452779688
D0367,0.42049974152508107,2.6780241331755503,8.530075546018075,0.7812874438222759,0.05108914487481613,4.342577966831238,0.8705689546486919,41.10861189435978,25.660732171268123,0.8519390997803875
D0368,0.4911657588213072,2.4027326764056753,5.13450298312583,0.6609700377844243,0.044184836917623364,3.162275134816388,0.799586892620594,42.93919948474958,23.72076516814512,0.7808848330745802
D0369,0.37919584606857215,1.7788366294301112,3.7117778003879134,0.7135918815353421,0.05299589579905406,3.3736015748185877,0.8261186802817951,38.68902742001882,19.37588698850172,0.8147820054037069
D0370,0.06119105159216303,1.2383224175692715,6.041047064424804,0.22614215605610222,0.03584422447188476,1.6401040451508915,0.8920152483797377,46.94453139294488,20.23725856564523,0.8680763744881304
D0371,0.2668643405193341,1.2901920835528058,9.308059367231394,1.0998833975547448,0.050796830501013454,1.1601149185192257,0.8118310662548001,42.06854014809747,20.042537911077954,0.7961238766037897
D0372,0.11676355707253175,1.6823445549194678,7.922265895865863,1.1305520126324784,0.052814485575059446,2.661357975466311,0.9479663346491362,38.929691420449494,17.893492720201543,0.9351824180019659
D0373,0.15790387783672943,2.0832392037812593,7.814605217688683,0.4237757689429652,0.0525889237791908,3.1276187873597325,0.9521443438863283,38.93574290567524,18.883150972314382,0.93885589003871
D0374,0.45585357020631734,3.162887999108208,4.476751862039674,0.5948808761944852,0.04755530480269478,2.813728511436156,0.8844123692056094,40.952553903693605,21.55437979687417,0.8675564152131242
D0375,0.5582762459964019,1.7640929747201461,10.176624240816086,1.08047449046635,0.04992147905349245,2.3226391601734804,0.6904837300158497,43.97701236707056,26.377777245211078,0.670763161928024
D0376,0.5072638899455508,2.373330073805715,8.797278815380562,1.0325327851448693,0.05139354151907351,3.9438310321258125,0.791962742239787,42.035546433543985,26.817953323992686,0.7727690344688506
D0377,0.227168506666876,2.3091874496233733,11.611583753223556,0.198104371778534,0.0362360107423493,2.9291193309787404,0.8749642698930967,46.459510586736855,25.813586264182245,0.8461386058245803
D0378,0.05420335377275963,0.9844941737032954,7.254483443447596,0.8871984503428155,0.0442458667722485,3.1725120055665275,0.9032110584411971,43.09222933555592,19.613307122006898,0.8860513761592561
D0379,0.3378729629450762,2.749114372705413,4.903069462241059,0.2924620378318661,0.050390462586234905,1.4780826125981004,0.9204507286291799,39.712027108752025,18.593001705647037,0.9057418188265739
D0380,0.23441664117008384,2.3141842813962406,5.778313177822615,0.23378194171226424,0.052547796635298356,1.4319398959046574,0.9396784972015573,38.82092034532237,17.427025432525582,0.9264903188216493
D0381,0.5464092514660649,3.085901734303511,9.244527525022034,1.0400229188256471,0.03441507743539365,4.6858786117496525,0.7479801147930625,46.28653649710737,33.35749882071115,0.7139689998512745
D0382,0.4233616397827137,1.2518314248490496,4.9940171018536,1.0776306648641565,0.03682913428979039,1.204614980514167,0.6831253658714864,46.49427982238324,22.254404916104868,0.6631550839676028
D0383,0.429356631082373,2.594172185829165,4.416630551169452,1.080482225380821,0.04569443391460536,1.5334601158901964,0.8577116074026112,41.935598505251335,20.37095568237145,0.8403137976738545
D0384,0.09264541005898103,2.0360005077718757,8.242737435719588,0.7655282224136343,0.05050105274641105,4.366444655097032,0.9630039943769978,39.5510765928929,19.428681724399976,0.9492979030986607
D0385,0.33956746261724113,2.63190510723255,8.823800953664506,0.3965335740682474,0.03860020483120027,4.544388908101492,0.864419897711652,45.33276738445776,27.54610533205208,0.8374818826927561
D0386,0.46615346057403506,3.087595935335538,6.8846031147522915,0.6124532813120316,0.04744902144884177,4.45701268081481,0.8676280310226212,41.721488232357295,25.879785410705413,0.8478209735675076
D0387,0.06277796636451703,1.8383587556877738,6.531522426859084,1.0308842404192968,0.03750330186934458,3.313969965028137,0.9241418705772112,45.9769742143684,21.092236662714104,0.9014067940610204
D0388,0.6268911111167141,3.075233520697642,9.404752950488422,0.21708964006614395,0.04449839062476678,1.489098457655041,0.7360619682289301,43.96261750136822,29.29310252419409,0.7086250595286362
D0389,0.44484625804182965,1.9775263080320875,4.776097142387066,0.3774923580676004,0.0520828419938711,4.284321154805886,0.806101740606477,39.63171500304879,22.04484898953016,0.7932958986966894
D0390,0.5559690157728238,2.0995933192377905,7.011839943817755,0.779907883558957,0.05237801515922042,1.5148838965178548,0.742745439387352,41.16436054905274,22.700183126473295,0.7274447562237222
D0391,0.1971176678036211,1.5031475522437443,3.7312512794925916,0.2481546612119428,0.04703540396710663,3.143442549708659,0.8854818101388371,41.29295942410534,19.158672429366195,0.8706729062571202
D0392,0.5008871295619471,2.234939170875209,12.556732622339398,0.53361465766225,0.03924931858539487,3.6699185986169964,0.7232056053153805,46.40947307104262,32.277008020046345,0.6912485881283383
D0393,0.3223410357740122,1.110619837864503,9.168961719848005,0.7139952057393689,0.03281934762549325,1.8721938833430938,0.6834392927805124,48.88416731444558,25.93088129886988,0.6572880984629105
D0394,0.10598330319872344,1.9273198336723218,12.737551128445972,0.8103204510746664,0.03682232083220921,3.4748131360433243,0.9059026766853399,46.349449809464296,23.616236259007714,0.8802608182146191
D0395,0.258625668382617,1.272360938347337,10.032498882608326,0.5933222082664289,0.043919797074285234,0.9478429192740139,0.7950932396859944,44.85262554489495,21.685906333484162,0.7747398229138402
D0396,0.05003603271074763,3.2286708145862475,4.032063080037841,0.3681163844178911,0.03565974167213091,1.8641705563896485,0.9222210598630542,46.9882469747015,19.563726197346465,0.8983567889784535
D0397,0.3944871486406447,1.7045962361126972,5.209187019303279,0.35856161329547764,0.047287649036093726,1.5741396553554168,0.7943722539323199,41.861919685661626,20.2110355041597,0.7789599453012325
D0398,0.5038809155041954,1.7643036759840312,7.792876996461878,0.23548634738927876,0.03899207738956939,2.5544550576367686,0.7012045216686321,46.09808611432261,26.632715329265064,0.677917281590992
D0399,0.048844550319252195,2.171864584465999,7.526129894167445,0.8917989497870294,0.046030911541682096,2.9365947017745206,0.9607667929424737,41.577852661709514,18.03439031374878,0.9449336965356911
D0400,0.5945032580432821,1.5672772469929783,9.735176695575275,0.8983425068823244,0.04329728539438452,3.8590039611164295,0.6353791972837268,45.82091036953689,28.826530651529843,0.6140434080032817
D0401,0.3940489518760645,2.3205299210114525,8.638290206262337,1.1290849241622576,0.03305357637592904,4.273189559250583,0.7839427346663594,47.50581902334444,29.831433448882507,0.7525658471551335
D0402,0.34555625736179985,1.2339537969481262,7.148831904926753,1.0348754837774794,0.040713711610134505,2.094334126841794,0.732668623419741,45.466533376205476,22.993641386166303,0.7129636087055444
D0403,0.23894875475146785,3.5512390422098683,12.647091116219086,0.747382440119061,0.03233079952523884,1.6421934431422218,0.8735343821436743,46.95284168291515,25.82478274854886,0.8407768354820012
D0404,0.37233389991564747,0.8424249721934229,4.299830704135956,0.9776510022024228,0.0436104451582115,3.82213140174415,0.6621107946961915,43.440728718350385,21.594423446502155,0.6485115699567441
D0405,0.5053945835398108,1.8542735550607228,6.071281895344221,0.9747812766121559,0.04231194064898867,3.9212675950094154,0.7285109851391458,44.31639987815478,25.656683047980557,0.709157726275109
D0406,0.4554192157797199,2.5907840069228936,8.02943933135844,1.1383813323776166,0.03417488454245958,2.5823968637147736,0.7788914396196469,46.873155374818445,28.360596655173747,0.7482341609713923
D0407,0.4616386229397391,1.1993912630467087,8.158716870916793,0.6272559935827233,0.04557562692475109,4.081682011385318,0.6750502113696915,44.3407984831143,25.17789621137569,0.6582533589628299
D0408,0.19005878906310256,3.2387342440340268,4.610440368795024,1.0796678559734108,0.04388018225566738,2.2123570354325226,0.9495932430569964,42.481394442992325,18.799030259673398,0.9315154937217686
D0409,0.05894285094490748,2.6658174375879504,3.7064529252484437,0.8418296741357932,0.039364130888298474,3.567399058587124,0.9397213276112364,45.06246154536856,20.136641674503714,0.919069084637672
D0410,0.3645572330646988,2.904186264668547,6.62016248140786,0.41705849905762177,0.035717388925150306,1.851065642544255,0.858956349550464,46.16389743500034,24.49221215097272,0.8311899059136438
D0411,0.6249304877545053,3.3394692144558586,7.02572071620833,0.9774187319859753,0.050673446809819826,3.5562872454064807,0.7861935214231331,41.19399199069986,27.23815881099962,0.7668449605739616
D0412,0.4210151758590831,2.644604584177445,5.339966242740514,0.6462092437847242,0.040599047575977334,0.9550582039673422,0.8459501632179532,44.259203292201875,21.913579686886948,0.8237490078635353
D0413,0.6240210871819022,1.9362061083419777,4.8836296168287365,0.5055203679294176,0.041959897425178166,1.6689478121865247,0.6669720076720533,44.09124842899185,23.18181759245787,0.6495572034572715
D0414,0.22974805674382315,2.0970283032660557,5.132968731793868,1.108267164033927,0.03351803812794573,2.303336819939074,0.8613420907492912,47.58402028342183,23.13360624124983,0.8342599817954818
D0415,0.12180015755161067,3.560798533393963,12.3151219499231,0.5038908097016623,0.03478334220768538,1.5637213340330924,0.9092487070374893,46.61275110892111,21.806226538946376,0.8823703642797804
D0416,0.212978075375743,2.424515824880315,4.571585241653174,0.7582098084194012,0.037981324877474666,3.6968473443781327,0.9075797670217483,45.48901433096543,22.467693224017925,0.8845923588405461
D0417,0.6363038366032768,1.3185634680305875,4.7073221576791875,0.6228291641539586,0.04125371165700902,0.7577437034005876,0.6030449132681662,44.597612484282976,21.265296387437573,0.5877879988723441
D0418,0.05372539147723894,0.9094840154900588,10.987468203282361,0.26746494808557364,0.032916201997192196,4.761250033733554,0.8364079859219743,48.78432073167421,25.489028377766907,0.8092076591149568
D0419,0.09132741632462277,3.1687486352514744,4.661502817554952,0.9866036720170976,0.050188763109282955,3.7557982340069853,0.9714321900857675,39.38801621651651,17.820898520230006,0.9583301687791611
D0420,0.5256781534332039,1.4118954972250624,12.70246018868122,1.0544453785823609,0.04899611028249851,1.5317475533421423,0.6586149958395642,45.48105449333296,26.0971037785677,0.6375975935279985
D0421,0.47746751989486413,3.0311526918546763,10.291248514918866,0.4301929622522613,0.032447296858958294,1.0507591576386575,0.7683193247224114,46.85584946729672,29.860371790311024,0.7318892403789838
D0422,0.6373872317646658,0.8399413142161705,9.964198948393612,1.002066950888222,0.05374019363412107,2.592248873150925,0.5686659789554445,42.923345076653554,22.24650830875611,0.5570019564751187
D0423,0.49871900450319817,3.544139025290778,10.224840729923837,0.2319974464064795,0.04145962495777701,2.327744187514961,0.8360862288957721,44.016742424871964,29.218359171442085,0.8055939189712535
D0424,0.2651147335951692,0.8966141754229899,7.000668421045724,0.39138560705206493,0.04432787452327136,4.113777600010813,0.7268712594809812,43.96409589743867,22.841411496618985,0.7109998732281319
D0425,0.21229384079072416,2.7256857203918736,5.901617284244942,1.022744433585106,0.038985424552107406,2.1274502846285595,0.9187702192755188,44.91700171338644,21.078831634349246,0.8959533232038933
D0426,0.5061186855913303,3.1092414229198617,4.765931602581389,0.966612227317669,0.047563338727583455,2.858359604710526,0.8531918253639866,41.13798129317757,22.52812544275473,0.8360164657519313
D0427,0.47148206053556474,1.9251838278610542,3.947548728488117,0.7703041833950273,0.03470440787436216,4.400857846061268,0.7320421612373009,46.893606229629924,26.04909980852848,0.7089768417131564
D0428,0.15482972171426201,2.631522187311288,4.447617890714214,1.0203107998889402,0.05286853806497313,3.827293055635238,0.9686902867601774,38.140962034032135,18.02237759021199,0.9567209181806152
D0429,0.090416677122399,1.1809367095116508,5.433723120623635,1.1143420500488732,0.03686862203076828,1.5857894288512957,0.8734501972991812,46.457343387723974,20.181567238261298,0.8506885963993495
D0430,0.17302713668445052,2.068471522134444,3.9359601123922086,0.5413794356655052,0.05244638586108153,3.207545272778539,0.9496020116839259,38.4838102980417,17.685809170258096,0.937482961847802
D0431,0.1221186690375242,1.519784445088304,8.990378391286754,1.0434168223180507,0.0502241465305657,1.3563845243725985,0.9286894352921312,40.554439400800014,17.711556422696628,0.9138949998742016
D0432,0.49005413867604053,1.6687378356275255,8.810099327551765,0.5652629092392267,0.03451640963242567,3.9752712309578504,0.6734875830990472,47.76789414492375,29.88522875957158,0.6463819322708751
D0433,0.31223572431774527,2.1376724015613933,5.670000989379796,0.7817904212836789,0.04560883213397604,3.6838891794238418,0.8801405517990126,42.278136652531735,22.292813228772403,0.8622852775871676
D0434,0.07915195507837375,2.5513804108216354,3.818911829526174,0.620459020519158,0.04417613379022238,3.1605383516210646,0.9557727132271114,42.51630192992574,18.53968344523011,0.9387883014305659
D0435,0.21164220493208102,3.464111091646317,12.754684587440305,1.0864449838969845,0.03945420849966411,1.4699464100452646,0.9217517768362996,44.25499052260443,22.772331798800845,0.8963744382097414
D0436,0.11279216951872482,1.7256500753366315,6.046342413462725,0.6415291471141586,0.04997281656285746,3.991279040856435,0.9475985828245799,39.90360822112225,19.180163338610328,0.9337800411007131
D0437,0.5789467604879098,3.309834328500189,12.977826998691045,1.0366983945899304,0.0396168803867384,0.9097754146329303,0.7380429996814563,44.86589217788625,32.83074872590567,0.6998906101962669
D0438,0.37275788536813637,2.3527787172950254,7.5858560921170675,0.643574433404597,0.03611156671173828,1.8452065542600913,0.8214485359208362,46.398133819476655,25.318890693799126,0.7937728149079286
D0439,0.4729465681491748,2.4971978325124704,5.5241255858803635,0.5444731847765827,0.04691577096937457,4.269444622410347,0.8253570487824735,41.88026055489344,24.41561500358193,0.8077676633738888
D0440,0.07868843148086677,1.5170355190201794,6.038917613015617,0.8027442546699542,0.04752524462606723,1.1543741510015233,0.94469734398358,41.071318928110216,16.504302473210952,0.9296221951221137
D0441,0.5682345616529457,3.1943968200961708,4.381088714114137,0.8941752041533759,0.03755250859585019,2.7036415766064836,0.7855994849864641,45.17591077024133,25.221684636715704,0.761688696510639
D0442,0.06409390247610121,2.289759884273101,9.26408014688424,0.37727142250917073,0.03946182020237316,1.0309564383644334,0.9366070139373327,44.886229243796734,18.41177375843686,0.9152815203344306
D0443,0.47535790138168255,2.203646593819368,12.89482301394203,0.41302502813197123,0.05151091325934296,3.307009089018108,0.7784362844111382,43.71832626618177,28.887744712763258,0.7540371830348265
D0444,0.6207438911965308,3.2232832060002226,8.106869638133634,0.37256602156018204,0.05112364624505952,2.0452542350828287,0.7776081256685268,41.64887070019236,26.898238025962236,0.7566297854511633
D0445,0.448362434534741,2.97199521906332,3.7212870518627006,0.6215214969900131,0.04183781258824908,1.4137144460098947,0.8619388259068131,43.44821724341741,20.72085810302819,0.8419670228531945
D0446,0.42948649773993,2.1276370010018226,6.365351853451392,0.8816518840668529,0.04119044955513129,2.2560158528693552,0.7981333428371631,44.538152047430906,24.002618560614952,0.7763622900047575
D0447,0.3679372355170474,2.5291113006659547,7.933379632677036,1.10567616756125,0.032632884489390265,3.1699703774567465,0.8123571065742219,47.493233923353586,27.912498387888938,0.7810263902407296
D0448,0.12819061453496383,2.603617466766581,5.017674843934161,0.9660476556090929,0.05330057919378564,3.625604951221244,0.9720926598488154,37.92688253956516,17.610100998979462,0.9604053608965921
D0449,0.4829811081946981,1.6973196434879547,8.446127857760132,0.9593834758741988,0.03905662718604392,3.5394093291961277,0.7039320472316735,46.29184857243946,27.823582876699817,0.6801076723161197
D0450,0.5913518834686853,2.960610377543145,7.801795136369275,0.625112312796167,0.05189461324018151,2.7336509148108523,0.7852575335960335,41.330919829015194,26.324421246061487,0.7661004246455965
D0451,0.1746780593986818,1.1366908864932959,7.7295250740895005,0.5410196064695925,0.05130300050404825,2.521936502623387,0.8503562903575953,40.720850506866505,19.275463710909765,0.836728783282774
D0452,0.4192045815184462,2.937940391282968,9.544266953737456,0.7643976680324577,0.04359166323444937,3.223825391314313,0.8614219360044487,43.638555339646345,27.078400332592253,0.8360169358196097
D0453,0.521288124368048,1.4457882894492884,12.267144490267828,0.27649177258447843,0.042672215135336006,2.4226642167340207,0.649506887252383,46.77434562822006,28.258225261420964,0.6253831768298062
D0454,0.3818558495388841,2.13318937193206,11.118618484089875,0.6054166836119116,0.032821784108216484,1.0371891851837338,0.7623388213777849,47.85274774825144,28.1215831564681,0.7287509126392666
D0455,0.6585147087785371,2.94771645324582,5.358352057469779,0.6823029185879976,0.0340010583199204,2.0223187621662966,0.6830255826574965,46.457929442010055,27.74167286970066,0.6566246300183606
D0456,0.327067176295324,2.7752889446292937,5.551804393593498,0.3944064317402357,0.04873442452513156,2.545565817638762,0.9209441517762081,40.541266354226586,20.36609056932016,0.9047544408017668
D0457,0.1559534237079039,1.512112488297968,5.074855879231696,0.9784345366312773,0.046662255942178044,4.864099748585972,0.9063598187028808,41.629722048132244,21.200854605681617,0.8906700724195403
D0458,0.4023459612684932,2.2255744730638014,10.280080086313129,0.18936713508518987,0.03434241278512635,2.891363943454161,0.7721815117350865,47.2932610200848,29.359434628899262,0.7402253277646551
D0459,0.4979980655783858,0.9443143563104943,12.222289326954838,0.7600151745667633,0.04129893917415388,2.8444089164481405,0.598572749699382,47.46590372244161,26.549615502129424,0.5782315982439452
D0460,0.24122660210974992,1.2290297716799055,7.839949005553991,0.40619707883151523,0.04493817792831882,2.9174255266636373,0.8073528453694835,43.701855633199884,22.066123244286096,0.789513544186945
D0461,0.16905245234816285,2.0491514715244623,12.340748097857928,1.020265741300448,0.0485265490475203,4.756815995712613,0.9329440841267361,41.60764405244492,23.31389822198015,0.9149025186489205
D0462,0.5116724337876069,2.125145931397478,5.370425839758092,0.8290179034550128,0.046936957938807936,1.8068318755351664,0.7676111185491984,42.09888071780339,21.995209416395753,0.751180016328035
D0463,0.5006798673443184,2.890633262404366,8.769385878379495,0.6559233995634624,0.04905769122092354,0.959004837301233,0.8315089673129064,42.168282741580605,24.533516759766265,0.8098588157025135
D0464,0.10053455051555436,3.3981929485656606,8.92083399929903,0.950536285096543,0.03252591509034471,4.394125484812442,0.8980982217162766,48.027672242246624,24.394685707129717,0.8701339195422612
D0465,0.58112231142411,2.598691534942041,6.982937442504416,0.5658973414154249,0.037895590265309795,1.561463100003115,0.7248133830672994,45.62081341163102,27.006575825145394,0.6988945619506393
D0466,0.6355086746698011,3.3196171019792287,12.600705459505456,0.23307195469901584,0.04388925215842424,2.571310644153361,0.715257193567312,44.231789286156896,34.55836471902591,0.6796316523546327
D0467,0.3562963671827638,3.3197062765641636,12.54136699282353,0.25563325952149757,0.0492229871298646,4.6684543309670525,0.915621780039385,41.44067287808042,27.805958326780008,0.8927175624100552
D0468,0.533534100502286,3.270144183620551,7.436866272924423,0.28084808924875165,0.051056519048293496,3.754711587307806,0.8456803489318394,40.84425079962139,26.235599746006763,0.8265577720983415
D0469,0.5979066564974304,3.315807871492524,5.9808270868357365,1.0870762834855565,0.051154486370900865,1.6681663928494117,0.8104090443825261,40.414659737037944,23.398854103887857,0.7933576054122619
D0470,0.48628755509698585,3.422548386185351,8.35978697482146,0.4538020173137544,0.03727029766321164,2.6067286398469856,0.8266267924873818,45.25368684811644,28.473786917852884,0.7961255638124064
D0471,0.4583711894875283,1.7175646754176994,4.116294909574401,0.40666850765558693,0.05209393811147732,4.602264154659667,0.7687366426905996,39.421693061734224,21.64863936990594,0.7571201369790924
D0472,0.5872688916790708,2.410214803385106,4.5913842356208985,1.1326294250305322,0.05148388248854723,3.0864553572966438,0.7554780589706105,39.93277623264359,22.239658320961176,0.7422391707406788
D0473,0.20435094035553464,1.8068470135742651,5.529893806094861,1.0145491495225007,0.04497189484700747,2.7244305781580245,0.9032729138347896,42.4652996234012,20.150900581844663,0.8857778834435572
D0474,0.4030985551351245,2.8357229522187986,8.623860888542797,0.5631166964323433,0.049716852382877666,4.236545576397768,0.8862645466854713,41.32689920062187,25.581235488387453,0.8667911940424544
D0475,0.2523686624383785,2.6182311258557256,3.7470736153852204,0.4455566022632361,0.04295022843842434,1.9531654539883254,0.9248041681209569,43.02347936570161,19.18996904350659,0.9060756045683678
D0476,0.22453153356226896,3.3650370870185533,10.000478029528121,1.0400272434562325,0.040982631531151004,3.484441362179342,0.9295077610899832,43.70887587345209,23.599352839622334,0.9063668817238781
D0477,0.4012301637146596,2.875529965249738,5.589054907605183,0.5676902046265053,0.043152955798633146,1.2643757514594989,0.8788369632721875,43.088635790321035,21.490147725616566,0.8581029677698043
D0478,0.20070891874661387,2.0725910108154784,6.202460994694106,0.48564801883010306,0.04400581700294137,4.648262622358704,0.9181211527706296,42.84601675815254,22.471258599807417,0.8994171833479454
D0479,0.4739310359954674,3.0902763589229982,7.510775225313505,0.9210027493265512,0.035385542527989415,4.575837528912711,0.8097879786221243,46.09435271221006,29.90838270136511,0.7796122042571422
D0480,0.19912299221158825,1.1181383635509479,11.876586231238553,0.2242869356326442,0.03352536165503139,1.1052009799966813,0.7570065182890698,48.86260894406529,24.645406105985103,0.7287638252583855
D0481,0.5882716800055796,0.8815111927016502,5.7391130739641,1.076337647758554,0.040889065015554,4.131444898130134,0.5743654532609969,45.275324245987896,24.2927259440436,0.5597405788783216
D0482,0.3168616074668894,1.8084752893812506,12.161969729317118,0.31749787675843394,0.05140694705106329,4.748267085288854,0.8438246021561248,42.688085590133554,26.239720526985593,0.8240981996402857
D0483,0.5405157033474663,1.0944540694102667,12.904445836573027,0.5229082144710058,0.0533667878689769,4.181907180743215,0.6226633519141518,44.66406757770791,26.54086850433409,0.6060748246445731
D0484,0.6176814413221802,2.425862495354039,5.157463504568396,0.31228395136121156,0.04884433946920696,2.51531968451946,0.729079693614605,41.325216060817525,23.240291146858954,0.7138397713878474
D0485,0.5212835149639506,2.5278347587299494,3.8774290309687647,0.7683250569233977,0.03414299423294495,4.5371799553043655,0.7534246378464178,46.84372758991084,26.886074408753238,0.728622497930582
D0486,0.288224989441184,1.0803199724584216,9.738271084287542,0.36470676595626816,0.03313638289464987,3.8492689237618603,0.6978914450714455,48.87722367737653,27.706108426955844,0.6714974485667283
D0487,0.39036312935958406,1.7236588212028616,9.847968352507877,0.29239915078014667,0.03228783806916897,3.177082567290859,0.7201049381108234,48.4347466423621,29.432944856742594,0.6893077179993696
D0488,0.24103615784710453,1.9027249061648428,3.9883432989023833,0.3113961875656247,0.03320738510332541,4.406463037491575,0.8441448719301143,47.79024593023973,24.897076903885846,0.8178033018839842
D0489,0.3530509522370491,0.9490493002515121,11.046825181503799,0.934129604931139,0.0371947454794461,4.84524709130611,0.6550437650384403,48.073215743354424,28.235221199228917,0.63217020712895
D0490,0.5121374253173104,1.4161346867949147,10.310970458543093,0.9402566497420967,0.038915604526719626,1.619483755048658,0.6469774570880494,47.1877321467244,26.952564529041997,0.6229507241397751
D0491,0.565961770548784,1.501879116215492,8.106374088541909,0.47011506604671516,0.04295746634535044,4.4230739591313375,0.6502907529189463,45.248974739688094,27.7010197967402,0.6309623416369814
D0492,0.07722915943607607,1.1595984313613505,10.992033356044892,1.0065491057604157,0.0396284976170387,3.130686772641799,0.8865330201201389,45.70690439479781,22.020703034910927,0.8642825368575016
D0493,0.5728539293739358,1.678191540838462,11.111784896035568,0.8046472368749614,0.04281839073176164,3.745501324884748,0.6495602843164623,46.256147102136964,30.066453198007068,0.6253307861687503
D0494,0.5515506583537194,1.492858322464532,4.834964474767942,0.3622581067847558,0.05352720789560014,2.8570302242990793,0.6877526238716145,39.475279090766925,20.598033760043872,0.6772242028282613
D0495,0.29685029438994515,1.8131636495915155,11.68546621815289,0.5947932088390526,0.04364642539087936,1.187047705040266,0.8361307466191047,44.863102659886565,23.787742674976396,0.8121368589436133
D0496,0.2394427332092719,2.3275724292115694,6.538780241704048,0.4739125701232208,0.03622944717722039,3.5044965848594165,0.8829615681491666,46.300366958545794,24.197884102910688,0.8572027214149531
D0497,0.6642399650113248,1.618065623647844,9.846309278655543,1.016069183589158,0.04841375977076417,4.21756253190397,0.6144101334610038,44.6658291653066,28.857916634525015,0.5956560322258473
D0498,0.3573392963616504,2.469895723667622,4.641709587515017,0.6396260361026067,0.04967510466018678,3.924253451334026,0.894820490564953,40.14856964108772,21.27466106057555,0.8799871189475058
D0499,0.20849481629467864,3.0384783991596356,6.99161906935592,0.9677238484776043,0.032645832936699044,2.268171073563841,0.8864732561081086,47.659769546517,23.56624914466447,0.8574073139213798
