plasmid,exp,rep,time,mean_BFP,var_BFP,cv2_BFP,mean_mCherry,var_mCherry,cv2_mCherry,n_cells
SP411,KD,R1,0.0,223.71644592285156,161289.453125,3.2226277821844405,1548.2794189453125,326453.28125,0.13618283048849536,10794
SP411,KD,R1,3.0,687.6585083007812,1083439.875,2.2911798104518617,1533.532958984375,497674.3125,0.21162111410810075,5141
SP411,KD,R1,6.0,1818.250732421875,8935918.0,2.702910295207103,1372.4356689453125,497008.125,0.2638636072216275,2154
SP411,KD,R1,8.0,2884.0322265625,17635802.0,2.1202886883409144,1385.28076171875,482418.625,0.25139026780918067,3296
SP411,KD,R1,25.0,3697.708251953125,22706688.0,1.6606897595669858,645.985595703125,184172.46875,0.4413458440600085,6793
SP411,KD,R1,50.0,4458.4970703125,31896568.0,1.604600729253507,357.4830627441406,109402.4296875,0.8560833036632391,11223
SP411,KD,R1,100.0,3861.833740234375,25895748.0,1.7363661667251247,470.88018798828125,184122.5625,0.8303977699914404,4557
SP411,KD,R1,150.0,3618.253173828125,25872204.0,1.97622106162663,486.8491516113281,176522.09375,0.7447495250979775,3989
SP411,KD,R2,0.0,258.1264953613281,165669.65625,2.4864389549813772,1543.0335693359375,342048.125,0.14366019951872167,13019
SP411,KD,R2,3.0,782.4039306640625,1358069.375,2.218502429235453,1623.7823486328125,339781.78125,0.1288678125073476,5642
SP411,KD,R2,6.0,2034.578125,12327061.0,2.9779047565692482,1478.6312255859375,357979.96875,0.16373404048783274,2667
SP411,KD,R2,8.0,2244.8984375,20996796.0,4.166387249013509,1491.5172119140625,428089.09375,0.19243214672951603,1747
SP411,KD,R2,25.0,3637.880126953125,26347640.0,1.9908793963218714,783.4553833007812,203330.890625,0.33126444485764617,8370
SP411,KD,R2,50.0,2880.43115234375,16695287.0,2.012235889741672,341.77618408203125,101235.65625,0.8666623084433354,9128
SP411,KD,R2,100.0,5473.58447265625,46485964.0,1.551594358465584,557.3443603515625,223741.09375,0.7202753213321895,4032
SP411,KD,R2,150.0,3747.496826171875,49622948.0,3.5334586537928456,450.705810546875,148844.859375,0.7327359942491549,3486
SP411,KD,R3,0.0,221.8122100830078,115207.8359375,2.341591434646155,1507.1724853515625,349100.0625,0.15368235689776644,13666
SP411,KD,R3,3.0,676.9631958007812,1002125.25,2.186713512089761,1668.3099365234375,362130.84375,0.1301104094502701,2362
SP411,KD,R3,6.0,1599.2049560546875,6806316.0,2.6613614044664087,1448.1024169921875,410581.0625,0.19579444112831787,2725
SP411,KD,R3,8.0,1913.093017578125,9252838.0,2.5281496938382806,1455.8115234375,376833.40625,0.17780300254371245,2204
SP411,KD,R3,25.0,3822.1669921875,24226324.0,1.6583194932444978,722.963623046875,206182.609375,0.3944746869702756,5929
SP411,KD,R3,50.0,5431.7333984375,41856904.0,1.418698830500637,343.3493957519531,108828.703125,0.9231470346888375,6169
SP411,KD,R3,100.0,4596.18798828125,31578288.0,1.494834162149294,525.96337890625,217007.28125,0.7844464330235799,5966
SP411,KD,R3,150.0,3521.64697265625,23350494.0,1.8828010720244432,496.47076416015625,176517.140625,0.716142627738946,4250
SP411,Rev,R1,0.0,5520.77490234375,45531596.0,1.4938699578013437,406.31329345703125,169273.421875,1.0253371915806913,3320
SP411,Rev,R1,1.0,1573.675537109375,19635008.0,7.9286764385190445,459.8857421875,193955.078125,0.9170674182446988,9378
SP411,Rev,R1,3.0,761.6666870117188,12973294.0,22.36249917642185,361.384521484375,133656.984375,1.0234168511008697,2635
SP411,Rev,R1,6.0,413.5545959472656,2584240.0,15.110093132105439,449.3661193847656,141196.625,0.6992358166444048,1689
SP411,Rev,R1,25.0,275.2679748535156,117571.515625,1.5516391939680974,785.2621459960938,261370.546875,0.42386477026493125,4600
SP411,Rev,R1,50.0,176.4573516845703,166698.671875,5.353682673178238,1346.513671875,356902.375,0.19684659332275586,4441
SP411,Rev,R1,100.0,141.56459045410156,24408.951171875,1.2179791247312517,1211.8359375,319105.78125,0.21729364112322802,4424
SP411,Rev,R1,150.0,218.36207580566406,64628.69921875,1.3554109399116476,1054.4947509765625,249008.609375,0.22393682600063994,2471
SP411,Rev,R2,0.0,5579.55517578125,43665256.0,1.4026097625783531,449.1246643066406,324429.53125,1.608372236836371,7235
SP411,Rev,R2,1.0,1691.185546875,21282004.0,7.440977710633383,459.2973937988281,245820.90625,1.165281504217879,6446
SP411,Rev,R2,3.0,752.0044555664062,10780018.0,19.062447407772773,344.0010986328125,131001.0703125,1.1070192803564636,2594
SP411,Rev,R2,6.0,568.94189453125,7428311.0,22.948497099651632,382.0107421875,120796.359375,0.8277566805634206,1374
SP411,Rev,R2,25.0,327.10076904296875,151655.96875,1.4174128876221288,864.0750122070312,232678.75,0.31164045496536136,4438
SP411,Rev,R2,50.0,189.85618591308594,407048.3125,11.292665257335553,1154.4134521484375,321897.84375,0.24154347487656233,5340
SP411,Rev,R2,100.0,148.05914306640625,61324.51171875,2.7974583936413833,1175.199951171875,322150.40625,0.23325725144875886,5430
SP411,Rev,R2,150.0,195.87408447265625,37398.1796875,0.9747573190619915,1205.857177734375,273134.875,0.18783884561855488,3422
SP411,Rev,R3,0.0,5548.66845703125,44153968.0,1.4341421072858038,411.47088623046875,161018.84375,0.9510393350807173,8030
SP411,Rev,R3,1.0,1637.72802734375,17484562.0,6.518853101675005,452.8088684082031,192371.171875,0.9382317866953935,7913
SP411,Rev,R3,3.0,867.7416381835938,19004084.0,25.238646837748156,336.89764404296875,120353.984375,1.0603873167476336,2760
SP411,Rev,R3,6.0,536.8896484375,4561802.0,15.825825403494061,387.989013671875,104636.1640625,0.6950930619518316,1576
SP411,Rev,R3,25.0,290.2614440917969,111515.9296875,1.3236044120591313,1005.2525634765625,247681.0625,0.24509949899315628,4585
SP411,Rev,R3,50.0,171.46971130371094,37550.4609375,1.2771456811864257,1225.163818359375,341927.46875,0.22779577553867672,4077
SP411,Rev,R3,100.0,153.53504943847656,36590.6796875,1.5522276325743232,1228.855224609375,346451.78125,0.22942532628445167,4412
SP411,Rev,R3,150.0,178.68089294433594,15628.8818359375,0.48952139671731754,1149.9765625,224957.171875,0.17010687455974613,4470
SP427,KD,R1,0.0,367.8626403808594,76704.671875,0.5668268955088726,1610.6488037109375,402672.96875,0.1552211039540359,14269
SP427,KD,R1,3.0,467.7929382324219,184993.734375,0.8453755762540084,1623.5946044921875,377895.25,0.14335611872159665,6655
SP427,KD,R1,6.0,752.6699829101562,600302.0,1.0596454985457713,1496.117431640625,403617.96875,0.1803180185224137,3128
SP427,KD,R1,8.0,829.8394165039062,640736.125,0.9304458247215581,1425.8865966796875,459760.5625,0.22613185332584054,2000
SP427,KD,R1,25.0,1482.607421875,1408342.875,0.6407019728304922,626.6458740234375,161633.484375,0.4116109940680201,6763
SP427,KD,R1,50.0,1805.5831298828125,2081565.125,0.6384913622324947,236.41526794433594,47383.3515625,0.8477635418848399,6860
SP427,KD,R1,100.0,1613.19873046875,1490092.375,0.5725816810403671,311.98089599609375,129841.5078125,1.3340052788778154,3693
SP427,KD,R1,150.0,1241.889892578125,1166339.625,0.7562386080970037,329.5978698730469,139617.171875,1.2851980088223562,2892
SP427,KD,R2,0.0,372.2691650390625,89474.7265625,0.645633786753789,1491.1197509765625,407747.03125,0.1833858244557271,25378
SP427,KD,R2,3.0,474.6328430175781,176783.21875,0.7847394100382533,1596.1497802734375,420540.5,0.1650671077514921,6556
SP427,KD,R2,6.0,716.3224487304688,566446.0,1.1039296321246312,1603.7357177734375,473325.21875,0.1840322944487594,2756
SP427,KD,R2,8.0,870.414306640625,755973.5625,0.9978254264825188,1440.699951171875,480508.9375,0.23150180796201253,2215
SP427,KD,R2,25.0,1600.8524169921875,1636257.5,0.6384825879555244,591.29296875,150171.015625,0.4295173273284948,6465
SP427,KD,R2,50.0,1981.6741943359375,2254971.0,0.5742175384090294,227.85635375976562,46140.1171875,0.8887025094417078,5696
SP427,KD,R2,100.0,1606.5986328125,1540629.375,0.5968749989244126,305.0606994628906,110940.0625,1.1921087695451067,3246
SP427,KD,R2,150.0,1241.9671630859375,1049501.875,0.6803979427846044,300.3700866699219,99450.9921875,1.1022897285818638,2855
SP427,KD,R3,0.0,361.6399230957031,81563.1015625,0.6236500991176926,1523.8026123046875,380262.5625,0.16376690556647588,14061
SP427,KD,R3,3.0,467.9048156738281,168008.1875,0.7673887297752976,1572.89599609375,391965.25,0.15843369543963745,5915
SP427,KD,R3,6.0,733.9055786132812,575790.375,1.0690155512916442,1483.9180908203125,490011.25,0.22252878261580422,2532
SP427,KD,R3,8.0,925.3651733398438,747638.0,0.8731021666584584,1510.0416259765625,409010.84375,0.17937296363464775,2303
SP427,KD,R3,25.0,1545.6893310546875,1606034.125,0.6722183296694746,589.7069091796875,152286.390625,0.4379138301211941,6548
SP427,KD,R3,50.0,1780.674072265625,1734852.5,0.5471339778709242,226.87330627441406,49739.83984375,0.9663569673760667,6625
SP427,KD,R3,100.0,1472.713134765625,1602965.75,0.739073996935155,266.5682373046875,85850.078125,1.2081584460181465,1762
SP427,KD,R3,150.0,1251.240478515625,1073125.375,0.6854391289421832,321.7675476074219,112485.71875,1.086457911320572,2740
SP427,Rev,R1,0.0,1835.095703125,1999468.0,0.5937409750286656,301.2091369628906,115112.078125,1.2687749946038338,9049
SP427,Rev,R1,1.0,976.4688720703125,929704.5625,0.9750528487490466,271.02239990234375,104256.015625,1.419354078702065,6565
SP427,Rev,R1,3.0,581.6792602539062,580344.6875,1.7152161395950822,225.9087371826172,75783.515625,1.4849392705033744,2801
SP427,Rev,R1,6.0,381.9430236816406,231002.53125,1.5835054957154822,227.58021545410156,54685.79296875,1.0558579772872734,1863
SP427,Rev,R1,25.0,412.131103515625,68629.5859375,0.40405510182391635,695.066162109375,265837.4375,0.550254812328106,5275
SP427,Rev,R1,50.0,231.71826171875,30660.873046875,0.5710366635719539,1099.815673828125,386371.09375,0.3194219951497085,3370
SP427,Rev,R1,100.0,235.93170166015625,26907.421875,0.48339203246807455,1276.806640625,302621.71875,0.18563071095869532,5216
SP427,Rev,R1,150.0,278.799072265625,30506.6484375,0.3924748649449882,1043.234619140625,210960.921875,0.19383760436570532,3047
SP427,Rev,R2,0.0,1938.775390625,2029809.375,0.5400080787319502,279.3634948730469,97724.1171875,1.2521675520819429,9307
SP427,Rev,R2,1.0,946.4054565429688,934747.5,1.0436138670236,256.1563415527344,96077.09375,1.4642311223547877,7628
SP427,Rev,R2,3.0,551.0969848632812,465650.40625,1.5332180249603535,232.06546020507812,70140.4765625,1.3024099321447964,2773
SP427,Rev,R2,6.0,393.5987243652344,305020.9375,1.968893780544204,237.26829528808594,62372.6796875,1.1079367878272603,2019
SP427,Rev,R2,25.0,349.3154602050781,42047.95703125,0.34459524872127084,715.0543212890625,268538.65625,0.5252048649394416,4369
SP427,Rev,R2,50.0,228.00538635253906,42288.6015625,0.8134542080559413,1121.626708984375,388008.4375,0.3084213861921906,3763
SP427,Rev,R2,100.0,226.1921844482422,25632.173828125,0.5009913759994616,1236.581787109375,288322.03125,0.1885524315836501,5442
SP427,Rev,R2,150.0,264.26751708984375,24629.015625,0.3526626654250384,959.773681640625,194026.09375,0.210631085883804,3607
SP427,Rev,R3,0.0,1813.97021484375,1935127.875,0.5880975436122954,252.15524291992188,80123.6484375,1.260157160285705,7115
SP427,Rev,R3,1.0,930.1830444335938,798601.9375,0.9229826170317602,262.1024475097656,106617.1640625,1.5519759022631796,7371
SP427,Rev,R3,3.0,579.2692260742188,680548.125,2.028139986988419,230.44857788085938,79673.953125,1.50026611698218,2358
SP427,Rev,R3,6.0,388.4868469238281,260711.59375,1.7274588298859797,260.7205505371094,65841.34375,0.9686082343180169,1988
SP427,Rev,R3,25.0,321.44287109375,52677.41015625,0.5098199406484604,756.9498901367188,276576.96875,0.48270494947617065,3274
SP427,Rev,R3,50.0,216.99172973632812,30340.458984375,0.6443706975399702,1188.20458984375,399248.15625,0.28278766890354606,3553
SP427,Rev,R3,100.0,226.83609008789062,24105.5234375,0.46848130050917897,1186.5120849609375,323644.59375,0.22989208804149389,4789
SP427,Rev,R3,150.0,270.1319580078125,27330.783203125,0.37454167138478883,1034.0052490234375,215728.453125,0.20177248491619354,4043
SP428,KD,R1,0.0,392.2048034667969,128729.0078125,0.8368557515038639,1531.25146484375,411592.5625,0.17553934927768786,13102
SP428,KD,R1,3.0,727.4581909179688,619335.5,1.1703342038481597,1425.5057373046875,345202.25,0.16987742862158658,6731
SP428,KD,R1,6.0,1150.772705078125,1840730.75,1.3899883573777279,1405.0396728515625,383949.25,0.1944897191481087,2745
SP428,KD,R1,8.0,1498.840087890625,2425909.25,1.079851286632603,1396.578369140625,368646.84375,0.18900787419357945,3306
SP428,KD,R1,25.0,1766.0277099609375,2292566.75,0.7350670611164881,629.6729125976562,162386.53125,0.40956230889104606,5191
SP428,KD,R1,50.0,1502.71044921875,2733649.25,1.2105763286515459,236.23382568359375,64812.57421875,1.1613820373633996,1549
SP428,KD,R1,100.0,1823.8634033203125,1791656.875,0.5386048033555343,307.5324401855469,140678.046875,1.4874571429962424,5006
SP428,KD,R1,150.0,1681.8499755859375,1920299.25,0.6788821749847395,282.9184875488281,143583.4375,1.7938316858107715,2438
SP428,KD,R2,0.0,351.1125793457031,118591.84375,0.9619711390712304,1471.5516357421875,350197.90625,0.16171955350565423,11973
SP428,KD,R2,3.0,739.3840942382812,640445.375,1.1714989030891512,1445.1837158203125,330539.84375,0.15826238229025905,6243
SP428,KD,R2,6.0,1150.70947265625,1687910.125,1.2747292224197424,1488.8433837890625,387939.3125,0.17501116716405837,3298
SP428,KD,R2,8.0,1150.89208984375,1588808.125,1.1995054949447246,1302.2332763671875,447383.53125,0.2638167801353608,1899
SP428,KD,R2,25.0,1886.650146484375,2438724.0,0.6851409175969251,535.2330322265625,146346.484375,0.5108536225050171,6914
SP428,KD,R2,50.0,1795.8841552734375,2680359.75,0.8310677892233218,280.7341003417969,80706.203125,1.0240391920305292,3844
SP428,KD,R2,100.0,1896.935791015625,2571681.75,0.7146805472853548,307.7607116699219,134214.3125,1.4170085671034112,5155
SP428,KD,R2,150.0,1676.728515625,1857848.5,0.6608224602687085,309.3152770996094,156978.3125,1.6407292307565173,2991
SP428,KD,R3,0.0,355.2283630371094,128709.03125,1.0199849235556615,1459.669189453125,353815.0,0.16606088906554742,12504
SP428,KD,R3,3.0,773.3063354492188,658014.0,1.1003529126433509,1515.60107421875,368378.21875,0.16037037130910856,5745
SP428,KD,R3,6.0,1130.4219970703125,1519622.0,1.189198554040677,1359.514892578125,369528.0625,0.1999306998523804,3100
SP428,KD,R3,8.0,1225.199951171875,2041724.25,1.360138535910244,1346.1300048828125,417271.65625,0.23027398480088093,2295
SP428,KD,R3,25.0,1805.3026123046875,2362785.25,0.7249770019199254,576.8041381835938,142319.796875,0.4277682827049838,5733
SP428,KD,R3,50.0,1887.182861328125,3026632.25,0.8498292752349382,261.2442626953125,71157.1171875,1.042617048507617,2718
SP428,KD,R3,100.0,1763.185791015625,1991129.625,0.640476765300021,351.4591064453125,190887.28125,1.54535190337151,5441
SP428,KD,R3,150.0,1756.414794921875,1891177.0,0.613024743263842,321.70318603515625,166595.15625,1.609724841159693,3035
SP428,Rev,R1,0.0,2161.9453125,2826655.5,0.6047605784313698,333.6322326660156,163296.796875,1.4670390103895583,11202
SP428,Rev,R1,1.0,779.8013916015625,1358465.0,2.2339859726274893,284.4803466796875,152777.8125,1.8877989941315292,9082
SP428,Rev,R1,3.0,372.994384765625,662020.8125,4.758466929257295,221.59986877441406,89010.59375,1.8126030243102709,3154
SP428,Rev,R1,6.0,273.2056579589844,1072193.625,14.364610100958629,207.49493408203125,98138.6953125,2.2794248783039266,2119
SP428,Rev,R1,25.0,327.3966369628906,45238.7890625,0.4220486771263344,472.961181640625,202923.78125,0.9071559458812086,2411
SP428,Rev,R1,50.0,199.1605682373047,45834.859375,1.1555511917588235,1028.5296630859375,356601.5625,0.33709289509275003,4096
SP428,Rev,R1,100.0,245.8805389404297,63092.01171875,1.0435807574737241,1176.343017578125,263423.9375,0.1903650771019861,5715
SP428,Rev,R1,150.0,344.7420654296875,79700.4375,0.6706132760639293,1043.8348388671875,205547.734375,0.1886466592950442,3736
SP428,Rev,R2,0.0,2026.5928955078125,2614323.25,0.6365408116438722,308.7127990722656,150683.5,1.581089404355598,10259
SP428,Rev,R2,1.0,910.5927124023438,1669570.625,2.0135223492769807,278.47674560546875,144346.3125,1.8613490581463121,9047
SP428,Rev,R2,3.0,324.3027038574219,562280.5625,5.346282845762881,236.00648498535156,113777.8828125,2.0427253325533563,3335
SP428,Rev,R2,6.0,242.653564453125,222679.109375,3.7818658987631846,180.39678955078125,84308.4296875,2.5906777289914427,1678
SP428,Rev,R2,25.0,309.6640625,50998.15234375,0.5318299952216222,490.2034912109375,219103.953125,0.9117954346471466,3409
SP428,Rev,R2,50.0,206.8101043701172,44462.2265625,1.0395555461417831,972.9872436523438,356172.3125,0.37622345122443085,4080
SP428,Rev,R2,100.0,233.83462524414062,47518.65625,0.8690534957439344,1006.5799560546875,278399.5625,0.27477169468155066,5004
SP428,Rev,R2,150.0,344.49871826171875,109315.8984375,0.921102810940829,997.4899291992188,226896.484375,0.22803983990728577,4118
SP428,Rev,R3,0.0,2026.457275390625,2667800.0,0.6496483872856982,292.24346923828125,147094.5,1.722292081356706,9595
SP428,Rev,R3,1.0,990.5642700195312,1603863.375,1.6345644626318956,264.9511413574219,134679.9375,1.9185420252108616,9019
SP428,Rev,R3,3.0,314.96063232421875,293337.40625,2.9570243457582954,214.3098907470703,101626.0859375,2.2126910007808207,2798
SP428,Rev,R3,6.0,311.5736083984375,371287.5625,3.82462688347991,193.638916015625,79350.734375,2.116243634521716,1608
SP428,Rev,R3,25.0,326.2366943359375,41760.97265625,0.39237830748445435,523.9392700195312,254307.359375,0.9263967589962263,4165
SP428,Rev,R3,50.0,229.73023986816406,46103.33203125,0.8735665223944544,1048.0325927734375,348263.25,0.31707213035188037,4758
SP428,Rev,R3,100.0,265.24365234375,64827.171875,0.9214400331761822,1098.1400146484375,251154.4375,0.2082693789831391,4548
SP428,Rev,R3,150.0,347.0621032714844,88928.2421875,0.7382871662959297,964.8779907226562,202343.5,0.21734239963228674,4186
SP430,KD,R1,0.0,273.6708984375,32291.353515625,0.43115061833530016,1666.09228515625,389024.78125,0.14014550098648904,13266
SP430,KD,R1,3.0,1040.020751953125,1616532.25,1.4945152921643108,1697.2220458984375,367865.09375,0.12770598507971218,5692
SP430,KD,R1,6.0,1823.50341796875,5182804.0,1.558660831472304,1628.28564453125,428233.15625,0.1615173206973766,2344
SP430,KD,R1,8.0,1795.0899658203125,4543634.5,1.4100384317902332,1478.13232421875,414006.0625,0.18948728448310478,1595
SP430,KD,R1,25.0,1605.1929931640625,1834529.875,0.7119840718209222,829.8209228515625,173861.015625,0.2524837609052057,5182
SP430,KD,R1,50.0,2560.683349609375,5859707.5,0.8936432568898505,489.7608642578125,119039.8828125,0.4962772115759015,2947
SP430,KD,R1,100.0,2702.956298828125,7193654.5,0.9846265162537382,655.5110473632812,165951.359375,0.38620757143850587,5011
SP430,KD,R1,150.0,1545.7030029296875,2303709.75,0.9642189423485868,495.28497314453125,135267.953125,0.5514226674793681,3559
SP430,KD,R2,0.0,282.2931823730469,34363.9453125,0.43122332094884663,1638.6605224609375,368468.5625,0.13722159335638806,13807
SP430,KD,R2,3.0,1278.17919921875,2433877.0,1.4897559729111856,1590.33642578125,374703.0625,0.14815258378337268,5535
SP430,KD,R2,6.0,1996.374755859375,5493223.0,1.378297887807967,1405.42236328125,398723.78125,0.20186378848041825,2504
SP430,KD,R2,8.0,1920.7994384765625,5181776.5,1.4044770175243693,1420.884521484375,377861.0625,0.18716066296750689,1703
SP430,KD,R2,25.0,1544.5673828125,1967300.0,0.8246257138862757,914.6590576171875,184426.359375,0.22044716312726342,6426
SP430,KD,R2,50.0,2742.25927734375,6464291.5,0.859614838110807,599.0357055664062,127752.8515625,0.35601244862897613,4965
SP430,KD,R2,100.0,2628.981201171875,5504072.5,0.796359535350612,719.5860595703125,195032.109375,0.37665231012418027,4161
SP430,KD,R2,150.0,1634.9078369140625,2478822.75,0.9273825549496942,535.967529296875,132055.265625,0.45970450966193055,4284
SP430,KD,R3,0.0,266.77569580078125,32591.78125,0.4579473752315085,1558.5828857421875,354734.59375,0.14603055533923195,4710
SP430,KD,R3,3.0,1174.7198486328125,1788950.25,1.2963720214981627,1553.3902587890625,331253.46875,0.13727747421263092,4726
SP430,KD,R3,6.0,1878.063232421875,4814373.5,1.3649582225079195,1484.44091796875,385115.46875,0.17476929289508542,2118
SP430,KD,R3,8.0,2100.392333984375,5769705.5,1.3078345227636285,1421.62841796875,404234.8125,0.2000145177375291,2177
SP430,KD,R3,25.0,1411.4000244140625,1435473.625,0.7206011918190227,738.045654296875,171542.984375,0.31492454207628695,3265
SP430,KD,R3,50.0,2971.500244140625,9012757.0,1.0207188175502484,450.43988037109375,117371.6875,0.5784817731726936,5315
SP430,KD,R3,100.0,1663.411865234375,2044914.0,0.7390527855199509,739.138427734375,193523.671875,0.3542277104282023,1906
SP430,KD,R3,150.0,1396.5233154296875,1624668.75,0.8330449681376433,663.431640625,172818.71875,0.3926435074729833,4441
SP430,Rev,R1,0.0,3026.25341796875,10410064.0,1.136692026546371,718.1856689453125,228533.875,0.4430748652575945,10912
SP430,Rev,R1,1.0,1557.3839111328125,7525451.5,3.1027100578764073,694.7431030273438,194202.8125,0.40235279916485805,12329
SP430,Rev,R1,3.0,937.0499877929688,2649678.0,3.0176410653716035,570.522216796875,166621.0625,0.5118995850397663,4113
SP430,Rev,R1,6.0,649.0878295898438,1327420.75,3.1506609469158127,532.982177734375,151528.234375,0.5334186412651586,2021
SP430,Rev,R1,25.0,298.3546447753906,46625.6484375,0.5237925029834728,1059.52685546875,228951.140625,0.20394772880338458,4594
SP430,Rev,R1,50.0,171.89865112304688,17092.58203125,0.5784458840893578,1288.62890625,381295.46875,0.2296179873703538,5178
SP430,Rev,R1,100.0,126.15010833740234,9233.841796875,0.5802393445622901,1323.6185302734375,297530.34375,0.16982654995943233,5835
SP430,Rev,R1,150.0,212.85043334960938,27998.45703125,0.6179950848891034,999.6012573242188,248198.34375,0.24839639674381978,4947
SP430,Rev,R2,0.0,3325.169677734375,11977657.0,1.0832887903120723,674.4327392578125,187505.96875,0.41222830477316913,9969
SP430,Rev,R2,1.0,1482.269775390625,5364640.5,2.441665224244018,608.2262573242188,172418.40625,0.46607230465297783,11404
SP430,Rev,R2,3.0,911.7186279296875,2138079.75,2.5721852518404558,553.6105346679688,162535.8125,0.5303228929665048,4199
SP430,Rev,R2,6.0,684.9549560546875,1415634.75,3.0173604258267948,485.285400390625,119606.1484375,0.5078775940454182,2165
SP430,Rev,R2,25.0,304.561279296875,117093.7109375,1.262362816788078,886.09326171875,268141.59375,0.34151148881143323,2557
SP430,Rev,R2,50.0,189.04464721679688,22745.138671875,0.6364434470258435,1239.7637939453125,320675.71875,0.20863548640935017,7056
SP430,Rev,R2,100.0,142.73098754882812,12578.53125,0.6174380529764392,1293.242431640625,316375.3125,0.1891658325500387,5854
SP430,Rev,R2,150.0,249.84902954101562,27614.201171875,0.4423613253712741,1157.13525390625,280494.0,0.20948615485203875,3162
SP430,Rev,R3,0.0,2274.27978515625,5034545.5,0.9733577426050299,709.812744140625,199103.546875,0.39517677412134844,9625
SP430,Rev,R3,1.0,873.9037475585938,1435059.5,1.879068899346686,630.7810668945312,167381.25,0.42067771677340454,10428
SP430,Rev,R3,3.0,633.2789306640625,565981.875,1.411277589546447,589.1290893554688,170266.546875,0.49057836738469063,2863
SP430,Rev,R3,6.0,507.99285888671875,378050.0,1.4649878671799106,508.6893615722656,125923.0,0.48663097763554825,1567
SP430,Rev,R3,25.0,326.70281982421875,82814.484375,0.7758906819733443,930.1468505859375,230384.140625,0.266286739236962,1871
SP430,Rev,R3,50.0,164.68182373046875,17520.6640625,0.6460397299778152,1464.4488525390625,315428.375,0.14707956693035912,5888
SP430,Rev,R3,100.0,132.63340759277344,11470.2939453125,0.6520316728863808,1327.5732421875,361822.9375,0.20529535081732683,4835
SP430,Rev,R3,150.0,246.98086547851562,53057.51953125,0.8698018484881757,731.927001953125,264736.875,0.49417287056326514,593
SP430ABA,KD,R1,0.0,273.6708984375,32291.353515625,0.43115061833530016,1666.09228515625,389024.78125,0.14014550098648904,13266
SP430ABA,KD,R1,3.0,985.8469848632812,1256462.125,1.2927971220791878,1631.339599609375,324051.03125,0.1217656105922001,7062
SP430ABA,KD,R1,6.0,1592.2081298828125,3089217.75,1.21856541324984,1552.112548828125,368730.21875,0.15306021204220868,3466
SP430ABA,KD,R1,8.0,1587.0062255859375,2828703.5,1.1231303596961584,1483.0654296875,370011.09375,0.16822638874094456,2546
SP430ABA,KD,R1,25.0,1450.1917724609375,1239165.25,0.5892211837244846,634.5421142578125,136406.046875,0.3387760659061385,5901
SP430ABA,KD,R1,50.0,2651.341796875,5946006.0,0.8458510768751786,261.47344970703125,59319.2109375,0.867641211294041,3622
SP430ABA,KD,R1,100.0,1920.0865478515625,2327126.5,0.6312165566390944,329.9078063964844,126472.1171875,1.1620093020682625,5000
SP430ABA,KD,R1,150.0,1442.9952392578125,1205476.75,0.5789339815994387,292.07916259765625,183582.40625,2.151938761681177,4359
SP430ABA,KD,R2,0.0,282.2931823730469,34363.9453125,0.43122332094884663,1638.6605224609375,368468.5625,0.13722159335638806,13807
SP430ABA,KD,R2,3.0,979.66015625,1178339.0,1.2277766269648693,1615.4239501953125,390887.59375,0.1497886311181759,4820
SP430ABA,KD,R2,6.0,1551.9725341796875,3332317.5,1.3834972863017925,1508.2784423828125,399073.15625,0.17542418530718773,2532
SP430ABA,KD,R2,8.0,1587.0457763671875,2713526.0,1.0773456933969907,1461.52880859375,385210.90625,0.18033657367929068,2310
SP430ABA,KD,R2,25.0,1343.218505859375,1015295.5,0.5627287813865117,590.7219848632812,146110.375,0.41871140147870034,5317
SP430ABA,KD,R2,50.0,2989.9501953125,6681849.0,0.7474269421852556,244.40286254882812,51094.234375,0.855380448524955,4409
SP430ABA,KD,R2,100.0,1984.1517333984375,3167766.75,0.8046433649910445,331.30780029296875,124005.78125,1.1297402730264339,5103
SP430ABA,KD,R2,150.0,1561.9476318359375,1422822.625,0.5832004152341047,282.63311767578125,148763.53125,1.8623031612153476,4492
SP430ABA,KD,R3,0.0,266.77569580078125,32591.78125,0.4579473752315085,1558.5828857421875,354734.59375,0.14603055533923195,4710
SP430ABA,KD,R3,3.0,1027.8170166015625,1249456.5,1.1827406772267968,1608.8380126953125,354263.625,0.1368680009996092,4741
SP430ABA,KD,R3,6.0,1446.85400390625,2789752.5,1.3326504630239837,1469.608642578125,373214.1875,0.17280438158560504,2399
SP430ABA,KD,R3,8.0,1401.6480712890625,2959859.25,1.506583102100243,1324.1461181640625,362836.84375,0.20693767103609845,1614
SP430ABA,KD,R3,25.0,1533.3525390625,1453481.75,0.6181950877247054,567.756103515625,138764.328125,0.4304812239737148,6215
SP430ABA,KD,R3,50.0,2152.292236328125,4087028.5,0.8822774675648138,247.23316955566406,62829.46875,1.0278977475691198,2194
SP430ABA,KD,R3,100.0,1502.8787841796875,1163973.5,0.5153415811494154,293.12371826171875,103917.0859375,1.2094419761556985,3590
SP430ABA,KD,R3,150.0,1522.837890625,1415049.0,0.6101886572946759,279.67431640625,166522.40625,2.1289600274123512,4096
SP430ABA,Rev,R1,0.0,1956.1226806640625,2346990.25,0.6133651661744898,320.6925354003906,119656.1015625,1.1634752438045783,8106
SP430ABA,Rev,R1,1.0,827.611572265625,536716.9375,0.7835959658713061,249.5623016357422,96843.890625,1.5549422491017313,9398
SP430ABA,Rev,R1,3.0,679.5036010742188,332502.90625,0.7201316858359752,219.7988739013672,80246.5625,1.661022485466761,2936
SP430ABA,Rev,R1,6.0,530.4337158203125,283043.6875,1.005984365434458,214.5758056640625,79630.46875,1.729488858340174,2123
SP430ABA,Rev,R1,25.0,347.43585205078125,51128.51171875,0.42355897463975134,538.4666748046875,220576.84375,0.7607505189750569,5156
SP430ABA,Rev,R1,50.0,131.87266540527344,15528.05859375,0.8929098065556187,1136.18359375,362163.03125,0.2805479429869957,5962
SP430ABA,Rev,R1,100.0,148.41873168945312,9126.751953125,0.4143227832334935,1278.731201171875,243258.546875,0.14876802032883527,5579
SP430ABA,Rev,R1,150.0,208.73658752441406,14211.90625,0.3261783830517845,1022.9047241210938,304757.15625,0.2912618098172757,5554
SP430ABA,Rev,R2,0.0,1954.4876708984375,2285219.5,0.5982215460232035,305.03033447265625,118926.8046875,1.2781849174031634,8443
SP430ABA,Rev,R3,50.0,126.68238067626953,14211.353515625,0.8855294527345683,1120.1837158203125,356455.40625,0.2840708664243757,6100
SP430ABA,Rev,R3,100.0,150.3319854736328,10415.7939453125,0.46088183675816846,1250.215576171875,279266.34375,0.17866882789877037,5535
SP430ABA,Rev,R3,150.0,210.0959014892578,11716.84765625,0.2654456559808655,1031.5953369140625,234849.5,0.22068402645601817,4942
